DateTime,Gold,Bonds,PPI,S&P 500
1915-01-29,,13.6526006,12.8,7.48
1915-02-26,,,,7.38
1915-03-31,,,,7.57
1915-04-30,,,,8.14
1915-05-31,,,,7.95
1915-06-30,,,,8.04
1915-07-30,,,,8.01
1915-08-31,,,,8.35
1915-09-30,,,,8.66
1915-10-29,,,,9.14
1915-11-30,,,,9.46
1915-12-31,20.67,,,9.48
1916-01-31,,14.7077636,17.1,9.33
1916-02-29,,,,9.2
1916-03-31,,,,9.17
1916-04-28,,,,9.07
1916-05-31,,,,9.27
1916-06-30,,,,9.36
1916-07-31,,,,9.23
1916-08-31,,,,9.3
1916-09-29,,,,9.68
1916-10-31,,,,9.98
1916-11-30,,,,10.21
1916-12-29,,,,9.8
1917-01-31,20.67,15.5838688,21.2,9.57
1917-02-28,,,,9.03
1917-03-30,,,,9.31
1917-04-30,,,,9.17
1917-05-31,,,,8.86
1917-06-29,,,,9.04
1917-07-31,,,,8.79
1917-08-31,,,,8.53
1917-09-28,,,,8.12
1917-10-31,,,,7.68
1917-11-30,,,,7.04
1917-12-31,20.67,,,6.8
1918-01-31,,14.1047531,23.5,7.21
1918-02-28,,,,7.43
1918-03-29,,,,7.28
1918-04-30,,,,7.21
1918-05-31,,,,7.44
1918-06-28,,,,7.45
1918-07-31,,,,7.51
1918-08-30,,,,7.58
1918-09-30,,,,7.54
1918-10-31,,,,7.86
1918-11-29,,,,8.06
1918-12-31,20.67,,,7.9
1919-01-31,,15.2222852,26.0,7.85
1919-02-28,,,,7.88
1919-03-31,,,,8.12
1919-04-30,,,,8.39
1919-05-30,,,,8.97
1919-06-30,,,,9.21
1919-07-31,,,,9.51
1919-08-29,,,,8.87
1919-09-30,,,,9.01
1919-10-31,,,,9.47
1919-11-28,,,,9.19
1919-12-31,20.67,,,8.92
1920-01-30,,14.8394487,20.8,8.83
1920-02-27,,,,8.1
1920-03-31,,,,8.67
1920-04-30,,,,8.6
1920-05-31,,,,8.06
1920-06-30,,,,7.92
1920-07-30,,,,7.91
1920-08-31,,,,7.6
1920-09-30,,,,7.87
1920-10-29,,,,7.88
1920-11-30,,,,7.48
1920-12-31,20.67,,,6.81
1921-01-31,,15.5303382,16.0,7.11
1921-02-28,,,,7.06
1921-03-31,,,,6.88
1921-04-29,,,,6.91
1921-05-31,,,,7.12
1921-06-30,,,,6.55
1921-07-29,,,,6.53
1921-08-31,,,,6.45
1921-09-30,,,,6.61
1921-10-31,,,,6.7
1921-11-30,,,,7.06
1921-12-30,,,,7.31
1922-01-31,20.67,18.0729014,17.3,7.3
1922-02-28,,,,7.46
1922-03-31,,,,7.74
1922-04-28,,,,8.21
1922-05-31,,,,8.53
1922-06-30,,,,8.45
1922-07-31,,,,8.51
1922-08-31,,,,8.83
1922-09-29,,,,9.06
1922-10-31,,,,9.26
1922-11-30,,,,8.8
1922-12-29,,,,8.78
1923-01-31,20.67,19.5461055,16.9,8.9
1923-02-28,,,,9.28
1923-03-30,,,,9.43
1923-04-30,,,,9.1
1923-05-31,,,,8.67
1923-06-29,,,,8.34
1923-07-31,,,,8.06
1923-08-31,,,,8.1
1923-09-28,,,,8.15
1923-10-31,,,,8.03
1923-11-30,,,,8.27
1923-12-31,20.67,,,8.55
1924-01-31,,20.3150851,17.5,8.83
1924-02-29,,,,8.87
1924-03-31,,,,8.7
1924-04-30,,,,8.5
1924-05-30,,,,8.47
1924-06-30,,,,8.63
1924-07-31,,,,9.03
1924-08-29,,,,9.34
1924-09-30,,,,9.25
1924-10-31,,,,9.13
1924-11-28,,,,9.64
1924-12-31,20.67,,,10.16
1925-01-30,,22.0309412,17.8,10.58
1925-02-27,,,,10.67
1925-03-31,,,,10.39
1925-04-30,,,,10.28
1925-05-29,,,,10.61
1925-06-30,,,,10.8
1925-07-31,,,,11.1
1925-08-31,,,,11.25
1925-09-30,,,,11.51
1925-10-30,,,,11.89
1925-11-30,,,,12.26
1925-12-31,20.67,,,12.46
1926-01-29,,23.8101942,16.9,12.65
1926-02-26,,,,12.67
1926-03-31,,,,11.81
1926-04-30,,,,11.48
1926-05-31,,,,11.56
1926-06-30,,,,12.11
1926-07-30,,,,12.62
1926-08-31,,,,13.12
1926-09-30,,,,13.32
1926-10-29,,,,13.02
1926-11-30,,,,13.19
1926-12-31,20.67,,,13.49
1927-01-31,,25.9015866,16.6,13.4
1927-02-28,,,,13.66
1927-03-31,,,,13.87
1927-04-29,,,,14.21
1927-05-31,,,,14.7
1927-06-30,,,,14.89
1927-07-29,,,,15.22
1927-08-31,,,,16.03
1927-09-30,,,,16.94
1927-10-31,,,,16.68
1927-11-30,,,,17.06
1927-12-30,,,,17.66
1928-01-31,20.67,28.0991576,16.5,17.57
1928-02-29,,,,17.26
1928-03-30,,,,19.28
1928-04-30,,,,19.75
1928-05-31,,,,20.0
1928-06-29,,,,19.14
1928-07-31,,,,19.43
1928-08-31,,,,20.87
1928-09-28,,,,21.14
1928-10-31,,,,21.68
1928-11-30,,,,24.28
1928-12-31,20.67,,,24.35
1929-01-31,,28.2746606,16.1,25.74
1929-02-28,,,,25.59
1929-03-29,,,,25.53
1929-04-30,,,,25.94
1929-05-31,,,,24.83
1929-06-28,,,,27.41
1929-07-31,,,,28.88
1929-08-30,,,,31.71
1929-09-30,,,,30.16
1929-10-31,,,,24.15
1929-11-29,,,,20.92
1929-12-31,20.67,,,21.45
1930-01-31,,29.5037612,13.7,22.79
1930-02-28,,,,23.28
1930-03-31,,,,24.15
1930-04-30,,,,24.9
1930-05-30,,,,24.49
1930-06-30,,,,20.46
1930-07-31,,,,21.21
1930-08-29,,,,21.37
1930-09-30,,,,18.59
1930-10-31,,,,16.94
1930-11-28,,,,16.38
1930-12-31,20.67,,,15.34
1931-01-30,,31.5339301,11.8,16.19
1931-02-27,,,,18.03
1931-03-31,,,,16.69
1931-04-30,,,,15.09
1931-05-29,,,,13.02
1931-06-30,,,,14.83
1931-07-31,,,,13.73
1931-08-31,,,,13.86
1931-09-30,,,,9.71
1931-10-30,,,,10.43
1931-11-30,,,,9.5
1931-12-31,17.06,,,8.12
1932-01-29,,25.7533661,10.8,7.94
1932-02-29,,,,8.29
1932-03-31,,,,7.31
1932-04-29,,,,5.83
1932-05-31,,,,4.47
1932-06-30,,,,4.43
1932-07-29,,,,6.03
1932-08-31,,,,8.39
1932-09-30,,,,8.08
1932-10-31,,,,6.96
1932-11-30,,,,6.55
1932-12-30,,,,6.92
1933-01-31,20.69,27.51492,12.2,6.94
1933-02-28,,,,5.66
1933-03-31,,,,5.85
1933-04-28,,,,7.83
1933-05-31,,,,9.64
1933-06-30,,,,10.91
1933-07-31,,,,9.95
1933-08-31,,,,11.09
1933-09-29,,,,9.72
1933-10-31,,,,8.96
1933-11-30,,,,9.88
1933-12-29,,,,9.97
1934-01-31,26.33,31.7567356,13.3,11.17
1934-02-28,,,,10.76
1934-03-30,,,,10.62
1934-04-30,,,,10.46
1934-05-31,,,,9.61
1934-06-29,,,,9.81
1934-07-31,,,,8.68
1934-08-31,,,,9.15
1934-09-28,,,,9.08
1934-10-31,,,,8.81
1934-11-30,,,,9.54
1934-12-31,35.04,,,9.5
1935-01-31,,37.497624,14.0,9.1
1935-02-28,,,,8.74
1935-03-29,,,,8.45
1935-04-30,,,,9.28
1935-05-31,,,,9.58
1935-06-28,,,,10.24
1935-07-31,,,,11.08
1935-08-30,,,,11.24
1935-09-30,,,,11.59
1935-10-31,,,,12.46
1935-11-29,,,,12.94
1935-12-31,34.69,,,13.43
1936-01-31,,40.8476359,14.5,14.31
1936-02-28,,,,14.6
1936-03-31,,,,14.92
1936-04-30,,,,13.77
1936-05-29,,,,14.4
1936-06-30,,,,14.84
1936-07-31,,,,15.85
1936-08-31,,,,15.99
1936-09-30,,,,16.01
1936-10-30,,,,17.23
1936-11-30,,,,17.28
1936-12-31,34.79,,,17.18
1937-01-29,,44.5783178,14.1,17.77
1937-02-26,,,,18.06
1937-03-31,,,,17.92
1937-04-30,,,,16.43
1937-05-31,,,,16.26
1937-06-30,,,,15.4
1937-07-30,,,,16.77
1937-08-31,,,,16.04
1937-09-30,,,,13.76
1937-10-29,,,,12.35
1937-11-30,,,,11.11
1937-12-31,34.86,,,10.55
1938-01-31,,41.5416323,13.3,10.69
1938-02-28,,,,11.34
1938-03-31,,,,8.5
1938-04-29,,,,9.78
1938-05-31,,,,9.27
1938-06-30,,,,11.56
1938-07-29,,,,12.33
1938-08-31,,,,12.06
1938-09-30,,,,12.24
1938-10-31,,,,13.17
1938-11-30,,,,12.73
1938-12-30,,,,13.14
1939-01-31,35.0,43.1777706,13.7,12.3
1939-02-28,,,,12.7
1939-03-31,,,,10.98
1939-04-28,,,,10.93
1939-05-31,,,,11.6
1939-06-30,,,,10.86
1939-07-31,,,,12.04
1939-08-31,,,,11.18
1939-09-29,,,,12.79
1939-10-31,,,,12.83
1939-11-30,,,,12.2
1939-12-29,,,,12.46
1940-01-31,35.0,44.2502587,13.8,12.05
1940-02-29,,,,12.13
1940-03-29,,,,12.18
1940-04-30,,,,12.19
1940-05-31,,,,9.27
1940-06-28,,,,9.98
1940-07-31,,,,10.29
1940-08-30,,,,10.5
1940-09-30,,,,10.66
1940-10-31,,,,11.08
1940-11-29,,,,10.57
1940-12-31,35.0,,,10.58
1941-01-31,,46.5799691,16.2,10.07
1941-02-28,,,,9.92
1941-03-31,,,,9.96
1941-04-30,,,,9.31
1941-05-30,,,,9.38
1941-06-30,,,,9.85
1941-07-31,,,,10.39
1941-08-29,,,,10.28
1941-09-30,,,,10.2
1941-10-31,,,,9.5
1941-11-28,,,,9.12
1941-12-31,35.0,,,8.69
1942-01-30,,48.2218743,17.4,8.85
1942-02-27,,,,8.59
1942-03-31,,,,8.01
1942-04-30,,,,7.66
1942-05-29,,,,8.15
1942-06-30,,,,8.3
1942-07-31,,,,8.56
1942-08-31,,,,8.62
1942-09-30,,,,8.85
1942-10-30,,,,9.36
1942-11-30,,,,9.29
1942-12-31,35.0,,,9.77
1943-01-29,,50.7085679,17.8,10.44
1943-02-26,,,,10.97
1943-03-31,,,,11.58
1943-04-30,,,,11.59
1943-05-31,,,,12.05
1943-06-30,,,,12.35
1943-07-30,,,,11.85
1943-08-31,,,,11.8
1943-09-30,,,,12.08
1943-10-29,,,,11.91
1943-11-30,,,,11.02
1943-12-31,35.0,,,11.67
1944-01-31,,54.6785718,18.0,11.85
1944-02-29,,,,11.82
1944-03-31,,,,12.02
1944-04-28,,,,11.87
1944-05-31,,,,12.35
1944-06-30,,,,12.98
1944-07-31,,,,12.71
1944-08-31,,,,12.82
1944-09-29,,,,12.74
1944-10-31,,,,12.78
1944-11-30,,,,12.83
1944-12-29,,,,13.28
1945-01-31,35.0,58.3997486,18.4,13.47
1945-02-28,,,,14.3
1945-03-30,,,,13.61
1945-04-30,,,,14.84
1945-05-31,,,,15.01
1945-06-29,,,,14.87
1945-07-31,,,,14.66
1945-08-31,,,,15.51
1945-09-28,,,,16.05
1945-10-31,,,,16.65
1945-11-30,,,,17.19
1945-12-31,35.0,,,17.36
1946-01-31,,62.1316886,24.3,18.57
1946-02-28,,,,17.28
1946-03-29,,,,18.04
1946-04-30,,,,18.76
1946-05-31,,,,19.18
1946-06-28,,,,18.43
1946-07-31,,,,17.96
1946-08-30,,,,16.65
1946-09-30,,,,14.96
1946-10-31,,,,14.84
1946-11-29,,,,14.68
1946-12-31,35.0,,,15.3
1947-01-31,,61.8863162,27.2,15.66
1947-02-28,,,,15.43
1947-03-31,,,,15.17
1947-04-30,,,,14.58
1947-05-30,,,,14.45
1947-06-30,,,,15.21
1947-07-31,,,,15.76
1947-08-29,,,,15.32
1947-09-30,,,,15.11
1947-10-31,,,,15.43
1947-11-28,,,,14.98
1947-12-31,35.0,,,15.3
1948-01-30,,58.3425338,27.6,14.68
1948-02-27,,,,13.93
1948-03-31,,,,15.08
1948-04-30,,,,15.48
1948-05-31,,,,16.69
1948-06-30,,,,16.74
1948-07-30,,,,15.85
1948-08-31,,,,15.97
1948-09-30,,,,15.49
1948-10-29,,,,16.5
1948-11-30,,,,14.75
1948-12-31,35.0,,,15.2
1949-01-31,,61.8672647,25.9,15.22
1949-02-28,,,,14.62
1949-03-31,,,,15.06
1949-04-29,,,,14.71
1949-05-31,,,,14.19
1949-06-30,,,,14.16
1949-07-29,,,,15.04
1949-08-31,,,,15.22
1949-09-30,,,,15.58
1949-10-31,,,,16.04
1949-11-30,,,,16.06
1949-12-30,,,,16.79
1950-01-31,31.69,66.0062721,29.7,17.05
1950-02-28,,,,17.22
1950-03-31,,,,17.29
1950-04-28,,,,17.96
1950-05-31,,,,18.78
1950-06-30,,,,17.69
1950-07-31,,,,17.84
1950-08-31,,,,18.42
1950-09-29,,,,19.45
1950-10-31,,,,19.53
1950-11-30,,,,19.51
1950-12-29,,,,20.43
1951-01-31,34.72,68.2680162,30.1,21.66
1951-02-28,,,,21.8
1951-03-30,,,,21.48
1951-04-30,,,,22.43
1951-05-31,,,,21.52
1951-06-29,,,,20.96
1951-07-31,,,,22.4
1951-08-31,,,,23.28
1951-09-28,,,,23.26
1951-10-31,,,,22.94
1951-11-30,,,,22.88
1951-12-31,34.72,,,23.77
1952-01-31,,66.2240636,29.1,24.14
1952-02-29,,,,23.26
1952-03-31,,,,24.37
1952-04-30,,,,23.32
1952-05-30,,,,23.86
1952-06-30,,,,24.96
1952-07-31,,,,25.4
1952-08-29,,,,25.03
1952-09-30,,,,24.54
1952-10-31,,,,24.52
1952-11-28,,,,25.66
1952-12-31,34.6,,,26.57
1953-01-30,,67.5445667,29.2,26.38
1953-02-27,,,,25.9
1953-03-31,,,,25.29
1953-04-30,,,,24.62
1953-05-29,,,,24.54
1953-06-30,,,,24.14
1953-07-31,,,,24.75
1953-08-31,,,,23.32
1953-09-30,,,,23.35
1953-10-30,,,,24.54
1953-11-30,,,,24.76
1953-12-31,34.84,,,24.81
1954-01-29,,71.001663,29.0,26.08
1954-02-26,,,,26.15
1954-03-31,,,,26.94
1954-04-30,,,,28.26
1954-05-31,,,,29.19
1954-06-30,,,,29.21
1954-07-30,,,,30.88
1954-08-31,,,,29.83
1954-09-30,,,,32.31
1954-10-29,,,,31.68
1954-11-30,,,,34.24
1954-12-31,35.04,,,35.98
1955-01-31,,72.8904021,29.5,36.63
1955-02-28,,,,36.76
1955-03-31,,,,36.58
1955-04-29,,,,37.96
1955-05-31,,,,37.91
1955-06-30,,,,41.03
1955-07-29,,,,43.52
1955-08-31,,,,43.18
1955-09-30,,,,43.67
1955-10-31,,,,42.34
1955-11-30,,,,45.51
1955-12-30,,,,45.48
1956-01-31,35.03,74.2792014,30.8,43.82
1956-02-29,,,,45.34
1956-03-30,,,,48.48
1956-04-30,,,,48.38
1956-05-31,,,,45.2
1956-06-29,,,,46.97
1956-07-31,,,,49.39
1956-08-31,,,,47.51
1956-09-28,,,,45.35
1956-10-31,,,,45.58
1956-11-30,,,,45.08
1956-12-31,34.99,,,46.67
1957-01-31,,69.0778128,31.4,44.72
1957-02-28,,,,43.26
1957-03-29,,,,44.11
1957-04-30,,,,45.74
1957-05-31,,,,47.43
1957-06-28,,,,47.37
1957-07-31,,,,47.91
1957-08-30,,,,45.22
1957-09-30,,,,42.42
1957-10-31,,,,41.06
1957-11-29,,,,41.72
1957-12-31,34.95,,,39.99
1958-01-31,,72.7288532,31.6,41.7
1958-02-28,,,,40.84
1958-03-31,,,,42.1
1958-04-30,,,,43.44
1958-05-30,,,,44.09
1958-06-30,,,,45.24
1958-07-31,,,,47.19
1958-08-29,,,,47.75
1958-09-30,,,,50.06
1958-10-31,,,,51.33
1958-11-28,,,,52.48
1958-12-31,35.1,,,55.21
1959-01-30,,69.3915872,31.5,55.45
1959-02-27,,,,55.41
1959-03-31,,,,55.44
1959-04-30,,,,57.59
1959-05-29,,,,58.68
1959-06-30,,,,58.47
1959-07-31,,,,60.51
1959-08-31,,,,59.6
1959-09-30,,,,56.88
1959-10-30,,,,57.52
1959-11-30,,,,58.28
1959-12-31,35.25,,,59.89
1960-01-29,,67.9455064,31.7,55.61
1960-02-29,,,,56.12
1960-03-31,,,,55.34
1960-04-29,,,,54.37
1960-05-31,,,,55.83
1960-06-30,,,,56.92
1960-07-29,,,,55.51
1960-08-31,,,,56.96
1960-09-30,,,,53.52
1960-10-31,,,,53.39
1960-11-30,,,,55.54
1960-12-30,,,,58.11
1961-01-31,35.27,74.3044053,31.6,61.78
1961-02-28,,,,63.44
1961-03-31,,,,65.06
1961-04-28,,,,65.31
1961-05-31,,,,66.56
1961-06-30,,,,64.64
1961-07-31,,,,66.76
1961-08-31,,,,68.07
1961-09-29,,,,66.73
1961-10-31,,,,68.62
1961-11-30,,,,71.32
1961-12-29,,,,71.55
1962-01-31,35.25,76.2855249,31.6,68.84
1962-02-28,,,,69.96
1962-03-30,,,,69.55
1962-04-30,,,,65.24
1962-05-31,,,,59.63
1962-06-29,,,,54.75
1962-07-31,,,,58.23
1962-08-31,,,,59.12
1962-09-28,,,,56.27
1962-10-31,,,,56.52
1962-11-30,,,,62.26
1962-12-31,35.23,,,63.1
1963-01-31,,82.463714,31.6,66.2
1963-02-28,,,,64.29
1963-03-29,,,,66.57
1963-04-30,,,,69.8
1963-05-31,,,,70.8
1963-06-28,,,,69.37
1963-07-31,,,,69.13
1963-08-30,,,,72.5
1963-09-30,,,,71.7
1963-10-31,,,,74.01
1963-11-29,,,,73.23
1963-12-31,35.09,,,75.02
1964-01-31,,83.9719482,31.7,77.04
1964-02-28,,,,77.8
1964-03-31,,,,78.98
1964-04-30,,,,79.46
1964-05-29,,,,80.37
1964-06-30,,,,81.69
1964-07-31,,,,83.18
1964-08-31,,,,81.83
1964-09-30,,,,84.18
1964-10-30,,,,84.86
1964-11-30,,,,84.42
1964-12-31,35.1,,,84.75
1965-01-29,,86.9000902,32.8,87.56
1965-02-26,,,,87.43
1965-03-31,,,,86.16
1965-04-30,,,,89.11
1965-05-31,,,,88.42
1965-06-30,,,,84.12
1965-07-30,,,,85.25
1965-08-31,,,,87.17
1965-09-30,,,,89.96
1965-10-29,,,,92.42
1965-11-30,,,,91.61
1965-12-31,35.12,,,92.43
1966-01-31,,86.2188602,33.3,92.88
1966-02-28,,,,91.22
1966-03-31,,,,89.23
1966-04-29,,,,91.06
1966-05-31,,,,86.13
1966-06-30,,,,84.74
1966-07-29,,,,83.6
1966-08-31,,,,77.1
1966-09-30,,,,76.56
1966-10-31,,,,80.2
1966-11-30,,,,80.45
1966-12-30,,,,80.33
1967-01-31,35.13,87.5878629,33.7,86.61
1967-02-28,,,,86.78
1967-03-31,,,,90.2
1967-04-28,,,,94.01
1967-05-31,,,,89.08
1967-06-30,,,,90.64
1967-07-31,,,,94.75
1967-08-31,,,,93.64
1967-09-29,,,,96.71
1967-10-31,,,,93.3
1967-11-30,,,,94.0
1967-12-29,,,,96.47
1968-01-31,38.9,80.4765517,34.6,92.24
1968-02-29,39.9,,,89.36
1968-03-29,40.15,,,90.2
1968-04-30,39.1,,,97.46
1968-05-31,42.0,,,98.68
1968-06-28,40.95,,,99.58
1968-07-31,38.9,,,97.74
1968-08-30,39.85,,,98.86
1968-09-30,39.7,,,102.67
1968-10-31,39.2,,,103.41
1968-11-29,39.85,,,108.37
1968-12-31,41.95,,,103.86
1969-01-31,42.55,80.1931094,36.3,103.01
1969-02-28,42.775,,,98.13
1969-03-31,43.1,,,101.51
1969-04-30,43.6,,,103.69
1969-05-30,43.15,,,103.46
1969-06-30,41.225,,,97.71
1969-07-31,41.45,,,91.83
1969-08-29,40.95,,,95.51
1969-09-30,40.65,,,93.12
1969-10-31,39.85,,,97.12
1969-11-28,35.55,,,93.81
1969-12-31,35.21,,,92.06
1970-01-30,34.98,72.935633,37.1,85.02
1970-02-27,35.0,,,89.5
1970-03-31,35.3,,,89.63
1970-04-30,35.85,,,81.52
1970-05-29,35.5,,,76.55
1970-06-30,35.51,,,72.72
1970-07-31,35.29,,,78.05
1970-08-31,35.775,,,81.52
1970-09-30,36.24,,,84.3
1970-10-30,37.4,,,83.25
1970-11-30,37.6,,,87.2
1970-12-31,37.375,,,92.15
1971-01-29,38.0,88.5146842,38.6,95.88
1971-02-26,38.79,,,96.75
1971-03-31,38.8,,,100.31
1971-04-30,39.6,,,103.95
1971-05-31,40.8,,,99.63
1971-06-30,40.2,,,98.7
1971-07-30,42.475,,,95.58
1971-08-31,41.0,,,99.03
1971-09-30,42.475,,,98.34
1971-10-29,42.4,,,94.23
1971-11-30,43.55,,,93.99
1971-12-31,43.5,,,102.09
1972-01-31,46.95,94.029149,41.1,103.94
1972-02-29,48.4,,,106.57
1972-03-31,48.375,,,107.2
1972-04-28,49.5,,,107.67
1972-05-31,59.3,,,109.53
1972-06-30,64.1,,,107.14
1972-07-31,68.9,,,107.39
1972-08-31,66.8,,,111.09
1972-09-29,64.1,,,110.55
1972-10-31,64.425,,,111.58
1972-11-30,63.6,,,116.67
1972-12-29,64.7,,,118.05
1973-01-31,66.0,100.0,47.4,116.03
1973-02-28,85.3,100.0,,111.68
1973-03-30,90.25,,,111.52
1973-04-30,90.7,100.46,,106.97
1973-05-31,114.5,100.46,,104.95
1973-06-29,123.5,,,104.26
1973-07-31,115.2,100.51,,108.22
1973-08-31,104.0,100.51,,104.25
1973-09-28,100.25,,,108.43
1973-10-31,97.25,102.22,,108.29
1973-11-30,100.25,102.22,,95.96
1973-12-31,112.25,102.0,,97.55
1974-01-31,133.25,102.0,57.3,96.57
1974-02-28,169.5,102.0,,96.22
1974-03-29,173.0,,,93.98
1974-04-30,168.5,99.65,,90.31
1974-05-31,156.5,99.65,,87.28
1974-06-28,146.75,,,86.0
1974-07-31,154.0,94.48,,79.31
1974-08-30,155.25,,,72.15
1974-09-30,147.5,91.79,,63.54
1974-10-31,166.4,91.79,,73.9
1974-11-29,182.0,,,69.97
1974-12-31,187.5,97.16,,68.56
1975-01-31,176.25,97.16,59.7,76.98
1975-02-28,181.75,97.16,,81.59
1975-03-31,177.75,102.37,,83.36
1975-04-30,167.4,102.37,,87.3
1975-05-30,167.75,,,91.15
1975-06-30,166.0,105.81,,95.19
1975-07-31,166.4,105.81,,88.75
1975-08-29,161.5,,,86.88
1975-09-30,138.25,104.08,,83.87
1975-10-31,143.4,104.08,,89.04
1975-11-28,138.25,,,91.24
1975-12-31,140.25,112.42,,90.19
1976-01-30,128.0,,62.5,100.86
1976-02-27,132.3,115.09,,99.71
1976-03-31,129.5,118.67,,102.77
1976-04-30,128.15,118.61,,101.64
1976-05-31,125.25,117.82,,100.18
1976-06-30,123.8,119.65,,104.28
1976-07-30,112.4,,,103.44
1976-08-31,103.05,123.74,,102.91
1976-09-30,116.1,125.82,,105.24
1976-10-29,122.3,,,102.9
1976-11-30,130.1,130.38,,102.1
1976-12-31,134.55,133.56,,107.46
1977-01-31,132.1,131.01,66.2,102.03
1977-02-28,142.25,131.09,,99.82
1977-03-31,149.8,132.25,,98.42
1977-04-29,146.5,,,98.44
1977-05-31,143.2,135.01,,96.12
1977-06-30,142.95,136.96,,100.48
1977-07-29,144.5,,,98.85
1977-08-31,146.0,139.21,,96.77
1977-09-30,153.9,139.07,,96.53
1977-10-31,160.8,138.52,,92.34
1977-11-30,159.8,139.55,,94.83
1977-12-30,165.6,,,95.1
1978-01-31,175.2,138.05,72.7,89.25
1978-02-28,182.0,138.39,,87.04
1978-03-31,180.75,139.11,,89.21
1978-04-28,170.0,,,96.83
1978-05-31,184.9,138.07,,97.24
1978-06-30,183.2,138.4,,95.53
1978-07-31,198.9,139.99,,100.68
1978-08-31,207.3,142.71,,103.29
1978-09-29,217.45,,,102.54
1978-10-31,243.65,139.83,,93.15
1978-11-30,193.7,141.41,,94.7
1978-12-29,224.5,,,96.11
1979-01-31,233.05,142.17,83.4,99.93
1979-02-28,250.9,140.97,,96.28
1979-03-30,239.65,,,101.59
1979-04-30,243.45,141.78,,101.76
1979-05-31,277.15,144.41,,99.08
1979-06-29,276.45,,,102.91
1979-07-31,295.35,147.81,,103.81
1979-08-31,317.75,148.04,,109.32
1979-09-28,397.0,,,109.32
1979-10-31,379.75,134.96,,101.82
1979-11-30,417.2,137.09,,106.16
1979-12-31,524.0,136.04,,107.94
1980-01-31,668.0,131.15,93.8,114.16
1980-02-29,640.0,121.51,,113.66
1980-03-31,503.25,121.37,,102.09
1980-04-30,519.25,135.9,,106.29
1980-05-30,531.4,,,111.24
1980-06-30,662.5,147.13,,114.24
1980-07-31,618.0,143.45,,121.67
1980-08-29,633.75,,,122.38
1980-09-30,670.0,134.26,,125.46
1980-10-31,636.0,133.28,,127.47
1980-11-28,621.5,,,140.52
1980-12-31,589.5,136.77,,135.76
1981-01-30,507.5,,98.8,129.55
1981-02-27,490.25,135.46,,131.27
1981-03-31,514.25,135.63,,136.0
1981-04-30,481.0,129.01,,132.81
1981-05-29,478.75,,,132.59
1981-06-30,421.5,134.98,,131.21
1981-07-31,405.25,131.59,,130.92
1981-08-31,425.5,127.73,,122.79
1981-09-30,426.5,125.77,,116.18
1981-10-30,429.0,,,121.89
1981-11-30,415.5,147.0,,126.35
1981-12-31,400.0,139.91,,122.55
1982-01-29,388.25,,100.5,120.4
1982-02-26,363.25,139.79,,113.11
1982-03-31,320.5,144.45,,111.96
1982-04-30,356.75,149.12,,116.44
1982-05-31,325.5,151.82,,111.88
1982-06-30,314.0,147.57,,109.61
1982-07-30,342.5,,,107.09
1982-08-31,409.6,164.04,,119.51
1982-09-30,394.75,172.67,,120.42
1982-10-29,422.0,,,133.72
1982-11-30,428.25,187.25,,138.53
1982-12-31,448.0,189.62,,140.64
1983-01-31,503.0,190.57,102.3,145.3
1983-02-28,419.75,196.58,,148.06
1983-03-31,414.25,199.28,,152.96
1983-04-29,428.5,,,164.43
1983-05-31,439.0,203.46,,162.39
1983-06-30,416.75,203.32,,167.64
1983-07-29,422.25,,,162.56
1983-08-31,414.5,198.49,,164.4
1983-09-30,404.0,204.84,,166.07
1983-10-31,383.5,205.14,,163.55
1983-11-30,405.75,207.45,,166.4
1983-12-30,381.5,,,164.93
1984-01-31,371.9,212.51,103.5,163.41
1984-02-29,396.6,209.55,,157.06
1984-03-30,388.5,,,159.18
1984-04-30,376.2,206.49,,160.05
1984-05-31,383.45,198.82,,150.55
1984-06-29,375.25,,,153.18
1984-07-31,341.6,211.24,,150.66
1984-08-31,347.7,216.68,,166.68
1984-09-28,344.15,,,166.1
1984-10-31,334.5,233.2,,166.09
1984-11-30,328.6,237.76,,163.58
1984-12-31,309.0,240.9,,167.24
1985-01-31,304.9,247.69,103.6,179.63
1985-02-28,290.5,241.39,,181.18
1985-03-29,329.8,,,180.66
1985-04-30,324.65,251.83,,179.83
1985-05-31,313.15,267.94,,189.55
1985-06-28,316.5,,,191.85
1985-07-31,328.1,267.91,,190.92
1985-08-30,335.75,,,188.63
1985-09-30,326.5,275.85,,182.08
1985-10-31,325.75,282.74,,189.82
1985-11-29,327.4,,,202.17
1985-12-31,327.0,301.98,,211.28
1986-01-31,354.0,303.11,99.7,211.78
1986-02-28,338.25,319.91,,226.92
1986-03-31,345.5,327.1,,238.9
1986-04-30,344.75,327.69,,235.52
1986-05-30,343.35,349.26,,247.35
1986-06-30,345.5,330.15,,250.84
1986-07-31,357.75,330.3,,236.12
1986-08-29,386.0,349.37,,252.93
1986-09-30,421.2,336.1,,231.32
1986-10-31,401.5,341.41,,243.98
1986-11-28,390.0,347.32,,249.22
1986-12-31,390.9,351.2,,242.17
1987-01-30,407.3,356.79,104.2,274.08
1987-02-27,405.75,359.38,,284.2
1987-03-31,419.0,357.56,,291.7
1987-04-30,454.5,346.5,,288.36
1987-05-29,451.75,344.19,,290.1
1987-06-30,447.1,349.72,,304.0
1987-07-31,464.25,347.97,,318.66
1987-08-31,455.9,345.18,,329.8
1987-09-30,459.15,336.77,,321.83
1987-10-30,468.0,346.68,,251.79
1987-11-30,493.9,352.43,,230.3
1987-12-31,486.5,357.67,,247.08
1988-01-29,465.25,371.18,109.0,257.07
1988-02-29,423.75,377.61,,267.82
1988-03-31,458.0,373.31,,258.89
1988-04-29,449.75,369.51,,261.33
1988-05-31,454.0,366.81,,262.16
1988-06-30,436.85,376.66,,273.5
1988-07-29,432.7,376.19,,272.02
1988-08-31,426.35,378.88,,261.52
1988-09-30,396.15,387.49,,271.91
1988-10-31,412.3,393.74,,278.97
1988-11-30,421.3,390.86,,273.7
1988-12-30,410.15,392.52,,277.72
1989-01-31,394.85,398.0,113.0,297.47
1989-02-28,386.75,395.42,,288.86
1989-03-31,382.3,397.63,,294.87
1989-04-28,381.3,404.67,,309.64
1989-05-31,363.5,417.3,,320.52
1989-06-30,371.15,430.18,,317.98
1989-07-31,369.1,438.44,,346.08
1989-08-31,359.6,432.73,,351.45
1989-09-29,369.0,434.8,,349.15
1989-10-31,376.05,443.91,,340.36
1989-11-30,406.8,446.53,,345.99
1989-12-29,401.0,447.76,,353.4
1990-01-31,417.55,441.52,118.7,329.08
1990-02-28,409.1,443.38,,331.89
1990-03-30,372.2,444.73,,339.94
1990-04-30,371.55,439.83,,330.8
1990-05-31,363.7,451.99,,361.23
1990-06-29,352.4,459.46,,358.02
1990-07-31,371.1,465.58,,356.15
1990-08-31,388.1,457.3,,322.56
1990-09-28,406.1,459.0,,306.05
1990-10-31,379.25,463.02,,304.0
1990-11-30,384.8,472.62,,322.22
1990-12-31,391.0,481.0,,330.22
1991-01-31,369.6,486.44,115.9,343.93
1991-02-28,363.0,492.63,,367.07
1991-03-29,354.0,498.63,,375.22
1991-04-30,353.45,505.92,,375.34
1991-05-31,361.55,510.31,,389.83
1991-06-28,366.9,509.67,,371.16
1991-07-31,363.6,516.68,,387.81
1991-08-30,347.0,528.76,,395.43
1991-09-30,350.5,540.06,,387.86
1991-10-31,357.4,545.41,,392.45
1991-11-29,366.85,550.21,,375.22
1991-12-31,353.4,568.73,,417.09
1992-01-31,354.15,561.97,117.6,408.78
1992-02-28,353.05,565.56,,412.7
1992-03-31,341.5,565.22,,403.69
1992-04-30,336.25,568.77,,414.95
1992-05-29,337.55,580.56,,415.35
1992-06-30,343.4,589.99,,408.14
1992-07-31,357.95,605.45,,424.21
1992-08-31,340.5,611.24,,414.03
1992-09-30,349.0,619.03,,417.8
1992-10-30,338.8,609.93,,418.68
1992-11-30,333.7,610.49,,431.35
1992-12-31,332.9,620.59,,435.71
1993-01-29,330.75,633.81,118.6,438.78
1993-02-26,328.75,647.53,,443.38
1993-03-31,336.9,652.31,,451.67
1993-04-30,353.45,656.95,,440.19
1993-05-31,381.0,657.78,,450.19
1993-06-30,379.0,672.5,,450.53
1993-07-30,403.7,677.1,,448.13
1993-08-31,370.6,694.61,,463.56
1993-09-30,352.65,698.45,,458.93
1993-10-29,369.1,702.04,,467.83
1993-11-30,370.8,693.36,,461.79
1993-12-31,390.65,697.73,,466.45
1994-01-31,378.2,709.45,121.9,481.61
1994-02-28,380.75,693.38,,467.14
1994-03-31,389.7,676.19,,445.77
1994-04-29,376.45,668.99,,450.91
1994-05-31,386.25,667.77,,456.5
1994-06-30,385.4,666.63,,444.27
1994-07-29,384.05,679.75,,458.26
1994-08-31,386.25,681.16,,475.49
1994-09-30,395.35,670.19,,462.71
1994-10-31,387.4,668.81,,472.35
1994-11-30,383.35,668.34,,453.69
1994-12-30,382.5,674.26,,459.27
1995-01-31,375.85,687.28,125.7,470.42
1995-02-28,375.7,703.76,,487.39
1995-03-31,386.55,711.87,,500.71
1995-04-28,389.5,722.52,,514.71
1995-05-31,384.25,757.07,,533.4
1995-06-30,387.6,763.91,,544.75
1995-07-31,383.35,760.17,,562.06
1995-08-31,381.65,771.44,,561.88
1995-09-29,383.75,780.16,,584.41
1995-10-31,382.4,792.21,,581.5
1995-11-30,387.85,806.28,,605.37
1995-12-29,386.7,819.42,,615.93
1996-01-31,403.2,824.38,129.1,636.02
1996-02-29,400.35,805.11,,640.43
1996-03-29,396.7,799.13,,645.5
1996-04-30,390.15,792.37,,654.17
1996-05-31,390.55,791.66,,669.12
1996-06-28,381.3,802.29,,670.63
1996-07-31,385.5,804.52,,639.95
1996-08-30,387.25,801.91,,651.99
1996-09-30,379.3,818.31,,687.33
1996-10-31,379.3,840.36,,705.27
1996-11-29,371.9,858.76,,757.02
1996-12-31,369.55,847.54,,740.74
1997-01-31,345.0,848.74,126.8,786.16
1997-02-28,360.6,850.91,,790.82
1997-03-31,349.5,840.28,,757.12
1997-04-30,340.45,853.87,,801.34
1997-05-30,345.75,861.51,,848.28
1997-06-30,334.05,874.89,,885.14
1997-07-31,326.0,907.26,,954.31
1997-08-29,325.4,893.5,,899.47
1997-09-30,328.75,910.16,,947.28
1997-10-31,310.4,923.06,,914.62
1997-11-28,296.9,925.47,,955.4
1997-12-31,289.2,935.57,,970.43
1998-01-30,301.8,947.74,122.8,980.28
1998-02-27,296.55,946.48,,1049.34
1998-03-31,299.9,951.17,,1101.75
1998-04-30,310.7,956.03,,1111.75
1998-05-29,292.4,967.75,,1090.82
1998-06-30,295.75,976.47,,1133.84
1998-07-31,289.4,975.67,,1120.67
1998-08-31,273.4,977.06,,957.28
1998-09-30,294.1,1007.41,,1017.01
1998-10-30,293.1,995.82,,1098.67
1998-11-30,295.75,1011.14,,1163.63
1998-12-31,287.45,1017.16,,1229.23
1999-01-29,285.65,1027.18,127.8,1279.64
1999-02-26,286.8,1000.88,,1238.33
1999-03-31,279.8,1010.34,,1286.37
1999-04-30,285.85,1013.85,,1335.18
1999-05-31,271.05,999.18,,1301.84
1999-06-30,261.2,994.25,,1372.71
1999-07-30,256.75,988.25,,1328.72
1999-08-31,254.6,985.9,,1320.41
1999-09-30,303.75,997.08,,1282.71
1999-10-29,298.85,999.76,,1362.93
1999-11-30,292.0,1001.56,,1388.91
1999-12-31,290.85,997.97,,1469.25
2000-01-31,283.05,994.63,136.2,1394.46
2000-02-29,294.0,1002.33,,1366.42
2000-03-31,275.9,1013.44,,1498.58
2000-04-28,275.85,1000.49,,1452.43
2000-05-31,272.25,995.34,,1420.6
2000-06-30,289.15,1020.15,,1454.6
2000-07-31,277.4,1032.21,,1430.83
2000-08-31,274.95,1045.58,,1517.68
2000-09-29,274.1,1053.58,,1436.51
2000-10-31,263.8,1053.24,,1429.4
2000-11-30,267.0,1068.24,,1314.95
2000-12-29,272.65,1088.72,,1320.28
2001-01-31,266.2,1117.84,128.1,1366.01
2001-02-28,265.0,1128.81,,1239.94
2001-03-30,259.05,1137.38,,1160.33
2001-04-30,263.45,1131.6,,1249.46
2001-05-31,266.1,1143.17,,1255.82
2001-06-29,269.9,1148.12,,1224.38
2001-07-31,265.55,1180.49,,1211.23
2001-08-31,275.35,1193.3,,1133.58
2001-09-28,290.85,1196.14,,1040.94
2001-10-31,280.95,1222.87,,1059.78
2001-11-30,274.7,1212.84,,1139.45
2001-12-31,276.5,1205.7,,1148.08
2002-01-31,281.5,1211.93,132.9,1130.2
2002-02-28,296.55,1221.07,,1106.73
2002-03-29,303.0,1197.67,,1147.39
2002-04-30,309.35,1213.84,,1076.92
2002-05-31,327.25,1229.49,,1067.14
2002-06-28,319.05,1229.17,,989.82
2002-07-31,305.5,1230.31,,911.62
2002-08-30,312.4,1262.64,,916.07
2002-09-30,322.4,1287.29,,815.28
2002-10-31,316.35,1270.86,,885.76
2002-11-29,318.25,1288.17,,936.31
2002-12-31,342.75,1328.32,,879.82
2003-01-31,370.35,1332.92,139.5,855.7
2003-02-28,347.65,1360.72,,841.15
2003-03-31,335.35,1361.96,,848.18
2003-04-30,336.0,1387.85,,916.92
2003-05-30,365.8,1431.91,,963.59
2003-06-30,345.15,1429.74,,974.5
2003-07-31,355.75,1369.38,,990.31
2003-08-29,371.0,1379.71,,1008.01
2003-09-30,384.5,1429.39,,995.97
2003-10-31,384.6,1413.33,,1050.71
2003-11-28,398.1,1419.75,,1058.2
2003-12-31,417.25,1438.7,,1111.92
2004-01-30,401.3,1454.0,150.2,1131.13
2004-02-27,392.25,1470.62,,1144.94
2004-03-31,423.0,1486.18,,1126.21
2004-04-30,387.3,1440.0,,1107.3
2004-05-31,393.85,1429.8,,1120.68
2004-06-30,393.75,1436.75,,1140.84
2004-07-30,389.6,1453.92,,1101.72
2004-08-31,408.1,1488.21,,1104.24
2004-09-30,412.35,1495.99,,1114.58
2004-10-29,426.2,1510.68,,1130.2
2004-11-30,452.0,1495.4,,1173.82
2004-12-31,438.0,1516.6,,1211.92
2005-01-31,423.8,1528.87,163.0,1181.27
2005-02-28,436.55,1519.03,,1203.6
2005-03-31,427.5,1502.67,,1180.59
2005-04-29,433.2,1523.34,,1156.85
2005-05-31,416.9,1542.36,,1191.5
2005-06-30,436.8,1554.79,,1191.33
2005-07-29,427.15,1538.23,,1234.18
2005-08-31,433.0,1563.76,,1220.33
2005-09-30,473.4,1539.02,,1228.81
2005-10-31,472.65,1523.19,,1207.01
2005-11-30,493.8,1531.36,,1249.48
2005-12-30,513.0,1546.29,,1248.29
2006-01-31,569.8,1543.26,165.6,1280.08
2006-02-28,556.5,1549.4,,1280.66
2006-03-31,584.0,1529.88,,1294.87
2006-04-28,638.25,1523.31,,1310.61
2006-05-31,654.0,1522.58,,1270.09
2006-06-30,600.4,1523.72,,1270.2
2006-07-31,637.0,1546.3,,1276.66
2006-08-31,621.75,1575.23,,1303.82
2006-09-29,601.75,1592.09,,1335.85
2006-10-31,600.9,1606.07,,1377.94
2006-11-30,638.4,1628.82,,1400.63
2006-12-29,635.7,1613.7,,1418.3
2007-01-31,645.75,1614.72,178.6,1438.24
2007-02-28,677.0,1647.49,,1406.82
2007-03-30,663.5,1639.23,,1420.86
2007-04-30,678.0,1651.59,,1482.37
2007-05-31,656.6,1635.24,,1530.62
2007-06-29,648.5,1627.12,,1503.35
2007-07-31,666.75,1632.03,,1455.27
2007-08-31,668.0,1648.1,,1473.99
2007-09-28,737.75,1656.79,,1526.75
2007-10-31,783.0,1675.35,,1549.38
2007-11-30,794.75,1690.08,,1481.14
2007-12-31,836.5,1689.14,,1468.36
2008-01-31,923.75,1709.1,170.9,1378.55
2008-02-29,969.0,1710.33,,1330.63
2008-03-31,937.25,1687.63,,1322.7
2008-04-30,867.75,1697.29,,1385.59
2008-05-30,879.5,1681.81,,1400.38
2008-06-30,932.75,1675.39,,1280.0
2008-07-31,912.0,1660.96,,1267.38
2008-08-29,836.5,1672.33,,1282.83
2008-09-30,897.0,1549.89,,1166.36
2008-10-31,728.5,1435.49,,968.75
2008-11-28,813.5,1490.58,,896.24
2008-12-31,865.0,1573.98,,903.25
2009-01-30,918.5,1579.19,178.1,825.88
2009-02-27,943.75,1553.74,,735.09
2009-03-31,918.5,1551.4,,797.87
2009-04-30,889.0,1599.25,,872.81
2009-05-29,972.0,1668.28,,919.14
2009-06-30,941.0,1719.22,,919.32
2009-07-31,936.5,1787.09,,987.48
2009-08-31,950.75,1825.74,,1020.62
2009-09-30,1001.25,1862.31,,1057.08
2009-10-30,1044.5,1877.49,,1036.19
2009-11-30,1172.0,1904.09,,1095.63
2009-12-31,1104.0,1885.0,,1115.1
2010-01-29,1082.75,1922.56,189.7,1073.87
2010-02-26,1112.5,1928.87,,1104.49
2010-03-31,1109.5,1936.76,,1169.43
2010-04-30,1175.25,1970.81,,1186.69
2010-05-31,1214.0,1959.55,,1089.41
2010-06-30,1240.5,1999.87,,1030.71
2010-07-30,1168.0,2040.77,,1101.6
2010-08-31,1233.5,2085.47,,1049.33
2010-09-30,1311.0,2097.78,,1141.2
2010-10-29,1336.75,2101.88,,1183.26
2010-11-30,1375.0,2084.21,,1180.55
2010-12-31,1410.25,2064.45,,1257.64
2011-01-31,1333.5,2069.34,199.8,1286.12
2011-02-28,1409.75,2084.0,,1327.22
2011-03-31,1431.0,2084.57,,1325.83
2011-04-29,1531.0,2119.67,,1363.61
2011-05-31,1537.0,2150.32,,1345.2
2011-06-30,1508.0,2132.41,,1320.64
2011-07-29,1613.75,2181.04,,1292.28
2011-08-31,1826.0,2183.58,,1218.89
2011-09-30,1629.0,2180.66,,1131.42
2011-10-31,1718.0,2218.92,,1253.3
2011-11-30,1704.0,2177.51,,1246.96
2011-12-30,1574.5,2219.42,,1257.6
2012-01-31,1738.0,2267.9,201.5,1312.41
2012-02-29,1788.0,2287.15,,1365.68
2012-03-30,1660.75,2273.61,,1408.47
2012-04-30,1662.5,2302.66,,1397.91
2012-05-31,1567.5,2315.99,,1310.33
2012-06-29,1569.5,2327.24,,1362.16
2012-07-31,1622.75,2392.89,,1379.32
2012-08-31,1657.75,2402.45,,1406.58
2012-09-28,1781.0,2419.6,,1440.67
2012-10-31,1718.0,2452.05,,1412.16
2012-11-30,1728.25,2450.04,,1416.18
2012-12-31,1664.0,2449.56,,1426.19
2013-01-31,1674.5,2431.99,202.0,1498.11
2013-02-28,1591.0,2449.18,,1514.68
2013-03-29,1602.5,2450.21,,1569.19
2013-04-30,1472.75,2492.46,,1597.57
2013-05-31,1410.25,2435.61,,1630.74
2013-06-28,1203.25,2367.81,,1606.28
2013-07-31,1331.5,2385.89,,1685.73
2013-08-30,1392.75,2367.56,,1632.97
2013-09-30,1335.75,2389.46,,1681.55
2013-10-31,1333.75,2425.22,,1756.54
2013-11-29,1245.25,2417.95,,1805.81
2013-12-31,1201.5,2413.9,,1848.36
2014-01-31,1246.5,2456.97,197.0,1782.59
2014-02-28,1327.75,2483.93,,1859.45
2014-03-31,1294.0,2485.7,,1872.34
2014-04-30,1292.0,2514.68,,1883.95
2014-05-30,1254.0,2553.09,,1923.57
2014-06-30,1313.0,2557.41,,1960.23
2014-07-31,1295.0,2554.4,,1930.67
2014-08-29,1285.75,2590.55,,2003.37
2014-09-30,1210.0,2558.64,,1972.29
2014-10-31,1173.25,2582.52,,2018.05
2014-11-28,1184.5,2598.33,,2067.56
2014-12-31,1199.25,2595.28,,2058.9
2015-01-30,1263.5,2666.36,183.5,1994.99
2015-02-27,1205.0,2643.21,,2104.5
2015-03-31,1179.25,2653.93,,2067.89
2015-04-30,1204.3,2639.76,,2085.51
2015-05-29,1190.4,2626.12,,2107.39
2015-06-30,1175.0,2583.36,,2063.11
2015-07-31,1080.05,2597.28,,2103.84
2015-08-31,1125.5,2579.86,,1972.18
2015-09-30,1122.5,2593.38,,1920.03
2015-10-30,1147.75,2607.24,,2079.36
2015-11-30,1055.65,2601.44,,2080.41
2015-12-31,1062.25,2578.89,,2043.94
2016-01-29,1112.9,2589.9,188.2,1940.24
2016-02-29,1234.15,2609.23,,1932.23
2016-03-31,1233.6,2680.05,,2059.74
2016-04-29,1274.5,2716.21,,2065.3
2016-05-31,1210.5,2714.74,,2096.95
2016-06-30,1317.0,2773.91,,2098.86
2016-07-29,1332.5,2813.84,,2173.6
2016-08-31,1314.45,2821.85,,2170.95
2016-09-30,1327.9,2813.72,,2168.27
2016-10-31,1271.5,2790.43,,2126.15
2016-11-30,1170.800048828125,2715.67,,2198.81
2016-12-30,1150.0,2732.63,,2238.83
2017-01-31,1208.5999755859375,2743.87,196.3,2278.87
2017-02-28,1252.5999755859375,2774.91,,2363.64
2017-03-31,1247.300048828125,2771.49,,2362.72
2017-04-28,1266.0999755859375,2798.54,,2384.2
2017-05-31,1272.0,2831.68,,2411.8
2017-06-30,1240.699951171875,2838.63,,2423.41
2017-07-31,1266.5999755859375,2859.84,,2470.3
2017-08-31,1316.199951171875,2884.06,,2471.65
2017-09-29,1281.5,2877.18,,2519.36
2017-10-31,1267.0,2889.09,,2575.26
2017-11-30,1273.199951171875,2885.04,,2647.58
2017-12-29,1306.300048828125,2909.33,,2673.61
2018-01-31,1339.0,2882.75,201.0,2823.81
2018-02-28,1315.5,2839.61,,2713.83
2018-03-30,1322.800048828125,2845.41,,2640.87
2018-04-30,1316.199951171875,2821.48,,2648.05
2018-05-31,1300.0999755859375,2834.18,,2705.27
2018-06-29,1251.300048828125,2818.58,,2718.37
2018-07-31,1223.699951171875,2839.77,,2816.29
2018-08-31,1200.300048828125,2855.22,,2901.52
2018-09-28,1191.5,2845.3,,2913.98
2018-10-31,1212.300048828125,2807.48,,2711.74
2018-11-30,1220.199951171875,2802.12,,2760.17
2018-12-31,1278.300048828125,2844.18,,2506.85
2019-01-31,1319.699951171875,2903.72,199.0,2704.1
2019-02-28,1312.800048828125,2914.16,,2784.49
2019-03-29,1293.0,2986.39,,2834.4
2019-04-30,1282.800048828125,3003.35,,2945.83
2019-05-31,1305.800048828125,3046.43,,2752.06
2019-06-28,1409.699951171875,3115.84,,2941.76
2019-07-31,1426.0999755859375,3136.92,,2980.38
2019-08-30,1519.0999755859375,3232.08,,2926.46
2019-09-30,1465.699951171875,3212.17,,2976.74
2019-10-31,1511.4000244140625,3231.82,,3037.56
2019-11-29,1465.5999755859375,3238.49,,3140.98
2019-12-31,1519.5,3249.02,,3230.78
2020-01-31,1582.9000244140625,3326.21,200.5,3225.52
2020-02-28,1564.0999755859375,3368.46,,2954.22
2020-03-31,1583.4000244140625,3117.32,,2584.59
2020-04-30,1684.199951171875,3281.69,,2912.43
2020-05-29,1736.9000244140625,3338.72,,3044.31
2020-06-30,1793.0,3406.35,,3100.29
2020-07-31,1962.800048828125,3513.67,,3271.12
2020-08-31,1967.5999755859373,3473.12,,3500.31
2020-09-30,1887.5,3463.95,,3363.0
2020-10-30,1877.4000244140625,3457.93,,3269.96
2020-11-30,1775.699951171875,3550.19,,3621.63
2020-12-31,1893.0999755859373,3567.63,,3756.07
2021-01-29,1847.300048828125,3523.78,241.338,3714.24
2021-02-26,1728.0999755859375,3453.9,,3811.15
2021-03-31,1713.800048828125,3407.27,,3972.89
2021-04-30,1767.300048828125,3447.81,,4181.17
2021-05-31,1902.5,3472.02,,4204.11
2021-06-30,1770.800048828125,3529.82,,4297.5
2021-07-30,1812.5999755859373,3572.44,,4395.26
2021-08-31,1815.0,3565.44,,4522.68
2021-09-30,1755.300048828125,3527.75,,4307.54
2021-10-29,1783.0,3536.24,,4605.38
2021-11-30,1773.5999755859375,3539.8,,4567.0
2021-12-31,1827.5,3533.73,,4766.18
2022-01-31,1795.0,3423.31,257.897,4515.55
2022-02-28,1899.4000244140625,3348.65,,4373.94
2022-03-31,1949.199951171875,3260.28,,4530.41
2022-04-29,1909.300048828125,3097.87,,4131.93
2022-05-31,1842.699951171875,3114.77,,4132.15
2022-06-30,1804.0999755859373,3041.57,,3785.38
2022-07-29,1762.9000244140625,3130.93,,4130.29
2022-08-31,1712.800048828125,3047.93,,3955.0
2022-09-30,1662.4000244140625,2886.14,,3585.62
2022-10-31,1635.9000244140625,2853.97,,3871.98
2022-11-30,1746.0,2994.31,,4080.11
2022-12-30,1819.699951171875,2987.87,,3839.5
2023-01-31,1929.5,3104.17,249.866,4076.6
2023-02-28,1828.9000244140625,3013.75,,3970.15
2023-03-31,1969.0,3090.99,,4109.31
2023-04-28,1990.0999755859373,3116.49,,4169.48
2023-05-31,1963.9000244140625,3075.79,,4179.83
2023-06-30,1921.0999755859373,3084.54,,4450.38
2023-07-31,1970.5,3097.91,,4588.96
2023-08-31,1938.199951171875,3076.76,,4507.66
2023-09-29,1848.0999755859373,3001.01,,4288.05
2023-10-31,1985.199951171875,2946.76,,4193.8
2023-11-30,2038.0999755859373,3112.98,,4567.8
2023-12-29,2062.399902,3238.5,,4769.83
2024-01-31,2048.399902,3243.69,255.613,4845.65
2024-02-29,2045.699951171875,3198.37,,5096.27
2024-03-29,2217.399902,3235.5,,5254.35
2024-04-30,2291.399902,3160.95,,5035.69
2024-05-31,2322.899902,3219.53,,5277.51
2024-06-28,2327.699951171875,3239.27,,5460.48
2024-07-31,2426.5,3316.66,,5522.3
2024-08-30,2493.800048828125,3367.37,,5648.4
2024-09-30,2691.800048828125,3436.34,,5762.48
2024-10-31,2512.300048828125,3423.62,,
2024-11-29,2512.100098,3421.37,,
2024-12-31,2551.199951171875,3419.48,,
