DateTime,PPI (Producer Price Index)
1749-01-01 00:00:08,8
1750-01-01 00:00:08,7
1751-01-01 00:00:08,7.6
1752-01-01 00:00:08,7.8
1753-01-01 00:00:08,7.6
1754-01-01 00:00:08,7.6
1755-01-01 00:00:08,7.8
1756-01-01 00:00:08,7.8
1757-01-01 00:00:08,7.6
1758-01-01 00:00:08,8.2
1759-01-01 00:00:08,9.3
1760-01-01 00:00:08,9.3
1761-01-01 00:00:08,9
1762-01-01 00:00:08,10.2
1763-01-01 00:00:08,9.3
1764-01-01 00:00:08,8.7
1765-01-01 00:00:08,8.5
1766-01-01 00:00:08,8.6
1767-01-01 00:00:08,9
1768-01-01 00:00:08,8.7
1769-01-01 00:00:08,9
1770-01-01 00:00:08,9
1771-01-01 00:00:08,9.3
1772-01-01 00:00:08,10.5
1773-01-01 00:00:08,9.9
1774-01-01 00:00:08,8.9
1775-01-01 00:00:08,8.8
1776-01-01 00:00:08,10.1
1777-01-01 00:00:08,14.5
1778-01-01 00:00:08,16.4
1779-01-01 00:00:08,26.6
1780-01-01 00:00:08,26.4
1781-01-01 00:00:08,25.4
1785-01-01 00:00:08,10.8
1786-01-01 00:00:08,10.6
1787-01-01 00:00:08,10.6
1789-01-01 00:00:08,10.1
1790-01-01 00:00:08,10.6
1791-01-01 00:00:08,10
1793-01-01 00:00:08,12
1794-01-01 00:00:08,12.7
1795-01-01 00:00:08,15.4
1796-01-01 00:00:08,17.2
1797-01-01 00:00:08,15.4
1798-01-01 00:00:08,14.3
1799-01-01 00:00:08,14.8
1800-01-01 00:00:08,15.2
1801-01-01 00:00:08,16.7
1802-01-01 00:00:08,13.7
1803-01-01 00:00:08,13.9
1804-01-01 00:00:08,14.8
1805-01-01 00:00:08,16.6
1806-01-01 00:00:08,15.7
1807-01-01 00:00:08,15.3
1808-01-01 00:00:08,13.5
1809-01-01 00:00:08,15.3
1810-01-01 00:00:08,15.4
1811-01-01 00:00:08,14.8
1812-01-01 00:00:08,15.4
1813-01-01 00:00:08,19
1814-01-01 00:00:08,21.4
1815-01-01 00:00:08,20
1816-01-01 00:00:08,17.7
1817-01-01 00:00:08,17.7
1818-01-01 00:00:08,17.3
1819-01-01 00:00:08,14.7
1820-01-01 00:00:08,12.5
1821-01-01 00:00:08,12
1822-01-01 00:00:08,12.5
1823-01-01 00:00:08,12.1
1824-01-01 00:00:08,11.5
1825-01-01 00:00:08,12.1
1826-01-01 00:00:08,11.6
1827-01-01 00:00:08,11.5
1828-01-01 00:00:08,11.4
1829-01-01 00:00:08,11.3
1830-01-01 00:00:08,10.7
1831-01-01 00:00:08,11
1832-01-01 00:00:08,11.2
1833-01-01 00:00:08,11.2
1834-01-01 00:00:08,10.6
1835-01-01 00:00:08,11.7
1836-01-01 00:00:08,13.4
1837-01-01 00:00:08,13.5
1838-01-01 00:00:08,12.9
1839-01-01 00:00:08,13.2
1840-01-01 00:00:08,11.2
1841-01-01 00:00:08,10.8
1842-01-01 00:00:08,9.6
1843-01-01 00:00:08,8.8
1844-01-01 00:00:08,9
1845-01-01 00:00:08,9.8
1846-01-01 00:00:08,9.8
1847-01-01 00:00:08,10.6
1848-01-01 00:00:08,9.6
1849-01-01 00:00:08,9.6
1850-01-01 00:00:08,9.9
1851-01-01 00:00:08,9.8
1852-01-01 00:00:08,10.3
1853-01-01 00:00:08,11.4
1854-01-01 00:00:46,12.7
1855-01-01 00:00:46,12.9
1856-01-01 00:00:46,12.3
1857-01-01 00:00:46,13
1858-01-01 00:00:46,10.9
1859-01-01 00:00:46,11.2
1860-01-01 00:00:46,10.9
1861-01-01 00:00:46,10.5
1862-01-01 00:00:46,12.2
1863-01-01 00:00:46,15.6
1864-01-01 00:00:46,22.7
1865-01-01 00:00:46,21.7
1866-01-01 00:00:46,20.4
1867-01-01 00:00:46,19
1868-01-01 00:00:46,18.6
1869-01-01 00:00:46,17.7
1870-01-01 00:00:46,15.9
1871-01-01 00:00:46,15.3
1871-02-01 00:00:46,
1871-03-01 00:00:46,
1871-04-01 00:00:46,
1871-05-01 00:00:46,
1871-06-01 00:00:46,
1871-07-01 00:00:46,
1871-08-01 00:00:46,
1871-09-01 00:00:46,
1871-10-01 00:00:46,
1871-11-01 00:00:46,
1871-12-01 00:00:46,
1872-01-01 00:00:46,16
1872-02-01 00:00:46,
1872-03-01 00:00:46,
1872-04-01 00:00:46,
1872-05-01 00:00:46,
1872-06-01 00:00:46,
1872-07-01 00:00:46,
1872-08-01 00:00:46,
1872-09-01 00:00:46,
1872-10-01 00:00:46,
1872-11-01 00:00:46,
1872-12-01 00:00:46,
1873-01-01 00:00:46,15.6
1873-02-01 00:00:46,
1873-03-01 00:00:46,
1873-04-01 00:00:46,
1873-05-01 00:00:46,
1873-06-01 00:00:46,
1873-07-01 00:00:46,
1873-08-01 00:00:46,
1873-09-01 00:00:46,
1873-10-01 00:00:46,
1873-11-01 00:00:46,
1873-12-01 00:00:46,
1874-01-01 00:00:46,14.8
1874-02-01 00:00:46,
1874-03-01 00:00:46,
1874-04-01 00:00:46,
1874-05-01 00:00:46,
1874-06-01 00:00:46,
1874-07-01 00:00:46,
1874-08-01 00:00:46,
1874-09-01 00:00:46,
1874-10-01 00:00:46,
1874-11-01 00:00:46,
1874-12-01 00:00:46,
1875-01-01 00:00:46,13.9
1875-02-01 00:00:46,
1875-03-01 00:00:46,
1875-04-01 00:00:46,
1875-05-01 00:00:46,
1875-06-01 00:00:46,
1875-07-01 00:00:46,
1875-08-01 00:00:46,
1875-09-01 00:00:46,
1875-10-01 00:00:46,
1875-11-01 00:00:46,
1875-12-01 00:00:46,
1876-01-01 00:00:46,12.9
1876-02-01 00:00:46,
1876-03-01 00:00:46,
1876-04-01 00:00:46,
1876-05-01 00:00:46,
1876-06-01 00:00:46,
1876-07-01 00:00:46,
1876-08-01 00:00:46,
1876-09-01 00:00:46,
1876-10-01 00:00:46,
1876-11-01 00:00:46,
1876-12-01 00:00:46,
1877-01-01 00:00:46,12.5
1877-02-01 00:00:46,
1877-03-01 00:00:46,
1877-04-01 00:00:46,
1877-05-01 00:00:46,
1877-06-01 00:00:46,
1877-07-01 00:00:46,
1877-08-01 00:00:46,
1877-09-01 00:00:46,
1877-10-01 00:00:46,
1877-11-01 00:00:46,
1877-12-01 00:00:46,
1878-01-01 00:00:46,10.7
1878-02-01 00:00:46,
1878-03-01 00:00:46,
1878-04-01 00:00:46,
1878-05-01 00:00:46,
1878-06-01 00:00:46,
1878-07-01 00:00:46,
1878-08-01 00:00:46,
1878-09-01 00:00:46,
1878-10-01 00:00:46,
1878-11-01 00:00:46,
1878-12-01 00:00:46,
1879-01-01 00:00:46,10.6
1879-02-01 00:00:46,
1879-03-01 00:00:46,
1879-04-01 00:00:46,
1879-05-01 00:00:46,
1879-06-01 00:00:46,
1879-07-01 00:00:46,
1879-08-01 00:00:46,
1879-09-01 00:00:46,
1879-10-01 00:00:46,
1879-11-01 00:00:46,
1879-12-01 00:00:46,
1880-01-01 00:00:46,11.7
1880-02-01 00:00:46,
1880-03-01 00:00:46,
1880-04-01 00:00:46,
1880-05-01 00:00:46,
1880-06-01 00:00:46,
1880-07-01 00:00:46,
1880-08-01 00:00:46,
1880-09-01 00:00:46,
1880-10-01 00:00:46,
1880-11-01 00:00:46,
1880-12-01 00:00:46,
1881-01-01 00:00:46,12.1
1881-02-01 00:00:46,
1881-03-01 00:00:46,
1881-04-01 00:00:46,
1881-05-01 00:00:46,
1881-06-01 00:00:46,
1881-07-01 00:00:46,
1881-08-01 00:00:46,
1881-09-01 00:00:46,
1881-10-01 00:00:46,
1881-11-01 00:00:46,
1881-12-01 00:00:46,
1882-01-01 00:00:46,12.7
1882-02-01 00:00:46,
1882-03-01 00:00:46,
1882-04-01 00:00:46,
1882-05-01 00:00:46,
1882-06-01 00:00:46,
1882-07-01 00:00:46,
1882-08-01 00:00:46,
1882-09-01 00:00:46,
1882-10-01 00:00:46,
1882-11-01 00:00:46,
1882-12-01 00:00:46,
1883-01-01 00:00:46,11.9
1883-02-01 00:00:46,
1883-03-01 00:00:46,
1883-04-01 00:00:46,
1883-05-01 00:00:46,
1883-06-01 00:00:46,
1883-07-01 00:00:46,
1883-08-01 00:00:46,
1883-09-01 00:00:46,
1883-10-01 00:00:46,
1883-11-01 00:00:46,
1883-12-01 00:00:46,
1884-01-01 00:00:46,10.9
1884-02-01 00:00:46,
1884-03-01 00:00:46,
1884-04-01 00:00:46,
1884-05-01 00:00:46,
1884-06-01 00:00:46,
1884-07-01 00:00:46,
1884-08-01 00:00:46,
1884-09-01 00:00:46,
1884-10-01 00:00:46,
1884-11-01 00:00:46,
1884-12-01 00:00:46,
1885-01-01 00:00:46,10
1885-02-01 00:00:46,
1885-03-01 00:00:46,
1885-04-01 00:00:46,
1885-05-01 00:00:46,
1885-06-01 00:00:46,
1885-07-01 00:00:46,
1885-08-01 00:00:46,
1885-09-01 00:00:46,
1885-10-01 00:00:46,
1885-11-01 00:00:46,
1885-12-01 00:00:46,
1886-01-01 00:00:46,10.8
1886-02-01 00:00:46,
1886-03-01 00:00:46,
1886-04-01 00:00:46,
1886-05-01 00:00:46,
1886-06-01 00:00:46,
1886-07-01 00:00:46,
1886-08-01 00:00:46,
1886-09-01 00:00:46,
1886-10-01 00:00:46,
1886-11-01 00:00:46,
1886-12-01 00:00:46,
1887-01-01 00:00:46,10
1887-02-01 00:00:46,
1887-03-01 00:00:46,
1887-04-01 00:00:46,
1887-05-01 00:00:46,
1887-06-01 00:00:46,
1887-07-01 00:00:46,
1887-08-01 00:00:46,
1887-09-01 00:00:46,
1887-10-01 00:00:46,
1887-11-01 00:00:46,
1887-12-01 00:00:46,
1888-01-01 00:00:46,10.1
1888-02-01 00:00:46,
1888-03-01 00:00:46,
1888-04-01 00:00:46,
1888-05-01 00:00:46,
1888-06-01 00:00:46,
1888-07-01 00:00:46,
1888-08-01 00:00:46,
1888-09-01 00:00:46,
1888-10-01 00:00:46,
1888-11-01 00:00:46,
1888-12-01 00:00:46,
1889-01-01 00:00:46,10.7
1889-02-01 00:00:46,
1889-03-01 00:00:46,
1889-04-01 00:00:46,
1889-05-01 00:00:46,
1889-06-01 00:00:46,
1889-07-01 00:00:46,
1889-08-01 00:00:46,
1889-09-01 00:00:46,
1889-10-01 00:00:46,
1889-11-01 00:00:46,
1889-12-01 00:00:46,
1890-01-01 00:00:46,9.6
1890-02-01 00:00:46,
1890-03-01 00:00:46,
1890-04-01 00:00:46,
1890-05-01 00:00:46,
1890-06-01 00:00:46,
1890-07-01 00:00:46,
1890-08-01 00:00:46,
1890-09-01 00:00:46,
1890-10-01 00:00:46,
1890-11-01 00:00:46,
1890-12-01 00:00:46,
1891-01-01 00:00:46,9.6
1891-02-01 00:00:46,
1891-03-01 00:00:46,
1891-04-01 00:00:46,
1891-05-01 00:00:46,
1891-06-01 00:00:46,
1891-07-01 00:00:46,
1891-08-01 00:00:46,
1891-09-01 00:00:46,
1891-10-01 00:00:46,
1891-11-01 00:00:46,
1891-12-01 00:00:46,
1892-01-01 00:00:46,9
1892-02-01 00:00:46,
1892-03-01 00:00:46,
1892-04-01 00:00:46,
1892-05-01 00:00:46,
1892-06-01 00:00:46,
1892-07-01 00:00:46,
1892-08-01 00:00:46,
1892-09-01 00:00:46,
1892-10-01 00:00:46,
1892-11-01 00:00:46,
1892-12-01 00:00:46,
1893-01-01 00:00:46,9.2
1893-02-01 00:00:46,
1893-03-01 00:00:46,
1893-04-01 00:00:46,
1893-05-01 00:00:46,
1893-06-01 00:00:46,
1893-07-01 00:00:46,
1893-08-01 00:00:46,
1893-09-01 00:00:46,
1893-10-01 00:00:46,
1893-11-01 00:00:46,
1893-12-01 00:00:46,
1894-01-01 00:00:46,8.2
1894-02-01 00:00:46,
1894-03-01 00:00:46,
1894-04-01 00:00:46,
1894-05-01 00:00:46,
1894-06-01 00:00:00,
1894-07-01 00:00:00,
1894-08-01 00:00:00,
1894-09-01 00:00:00,
1894-10-01 00:00:00,
1894-11-01 00:00:00,
1894-12-01 00:00:00,
1895-01-01 00:00:00,8.4
1895-02-01 00:00:00,
1895-03-01 00:00:00,
1895-04-01 00:00:00,
1895-05-01 00:00:00,
1895-06-01 00:00:00,
1895-07-01 00:00:00,
1895-08-01 00:00:00,
1895-09-01 00:00:00,
1895-10-01 00:00:00,
1895-11-01 00:00:00,
1895-12-01 00:00:00,
1896-01-01 00:00:00,8
1896-02-01 00:00:00,
1896-03-01 00:00:00,
1896-04-01 00:00:00,
1896-05-01 00:00:00,
1896-06-01 00:00:00,
1896-07-01 00:00:00,
1896-08-01 00:00:00,
1896-09-01 00:00:00,
1896-10-01 00:00:00,
1896-11-01 00:00:00,
1896-12-01 00:00:00,
1897-01-01 00:00:00,8
1897-02-01 00:00:00,
1897-03-01 00:00:00,
1897-04-01 00:00:00,
1897-05-01 00:00:00,
1897-06-01 00:00:00,
1897-07-01 00:00:00,
1897-08-01 00:00:00,
1897-09-01 00:00:00,
1897-10-01 00:00:00,
1897-11-01 00:00:00,
1897-12-01 00:00:00,
1898-01-01 00:00:00,8.3
1898-02-01 00:00:00,
1898-03-01 00:00:00,
1898-04-01 00:00:00,
1898-05-01 00:00:00,
1898-06-01 00:00:00,
1898-07-01 00:00:00,
1898-08-01 00:00:00,
1898-09-01 00:00:00,
1898-10-01 00:00:00,
1898-11-01 00:00:00,
1898-12-01 00:00:00,
1899-01-01 00:00:00,9
1899-02-01 00:00:00,
1899-03-01 00:00:00,
1899-04-01 00:00:00,
1899-05-01 00:00:00,
1899-06-01 00:00:00,
1899-07-01 00:00:00,
1899-08-01 00:00:00,
1899-09-01 00:00:00,
1899-10-01 00:00:00,
1899-11-01 00:00:00,
1899-12-01 00:00:00,
01.01.1900 00:00,9.6
01.02.1900 00:00,
01.03.1900 00:00,
01.04.1900 00:00,
01.05.1900 00:00,
01.06.1900 00:00,
01.07.1900 00:00,
01.08.1900 00:00,
01.09.1900 00:00,
01.10.1900 00:00,
01.11.1900 00:00,
01.12.1900 00:00,
01.01.1901 00:00,9.5
01.02.1901 00:00,
01.03.1901 00:00,
01.04.1901 00:00,
01.05.1901 00:00,
01.06.1901 00:00,
01.07.1901 00:00,
01.08.1901 00:00,
01.09.1901 00:00,
01.10.1901 00:00,
01.11.1901 00:00,
01.12.1901 00:00,
01.01.1902 00:00,10.1
01.02.1902 00:00,
01.03.1902 00:00,
01.04.1902 00:00,
01.05.1902 00:00,
01.06.1902 00:00,
01.07.1902 00:00,
01.08.1902 00:00,
01.09.1902 00:00,
01.10.1902 00:00,
01.11.1902 00:00,
01.12.1902 00:00,
01.01.1903 00:00,10.2
01.02.1903 00:00,
01.03.1903 00:00,
01.04.1903 00:00,
01.05.1903 00:00,
01.06.1903 00:00,
01.07.1903 00:00,
01.08.1903 00:00,
01.09.1903 00:00,
01.10.1903 00:00,
01.11.1903 00:00,
01.12.1903 00:00,
01.01.1904 00:00,10.3
01.02.1904 00:00,
01.03.1904 00:00,
01.04.1904 00:00,
01.05.1904 00:00,
01.06.1904 00:00,
01.07.1904 00:00,
01.08.1904 00:00,
01.09.1904 00:00,
01.10.1904 00:00,
01.11.1904 00:00,
01.12.1904 00:00,
01.01.1905 00:00,10.3
01.02.1905 00:00,
01.03.1905 00:00,
01.04.1905 00:00,
01.05.1905 00:00,
01.06.1905 00:00,
01.07.1905 00:00,
01.08.1905 00:00,
01.09.1905 00:00,
01.10.1905 00:00,
01.11.1905 00:00,
01.12.1905 00:00,
01.01.1906 00:00,10.7
01.02.1906 00:00,
01.03.1906 00:00,
01.04.1906 00:00,
01.05.1906 00:00,
01.06.1906 00:00,
01.07.1906 00:00,
01.08.1906 00:00,
01.09.1906 00:00,
01.10.1906 00:00,
01.11.1906 00:00,
01.12.1906 00:00,
01.01.1907 00:00,11.2
01.02.1907 00:00,
01.03.1907 00:00,
01.04.1907 00:00,
01.05.1907 00:00,
01.06.1907 00:00,
01.07.1907 00:00,
01.08.1907 00:00,
01.09.1907 00:00,
01.10.1907 00:00,
01.11.1907 00:00,
01.12.1907 00:00,
01.01.1908 00:00,10.8
01.02.1908 00:00,
01.03.1908 00:00,
01.04.1908 00:00,
01.05.1908 00:00,
01.06.1908 00:00,
01.07.1908 00:00,
01.08.1908 00:00,
01.09.1908 00:00,
01.10.1908 00:00,
01.11.1908 00:00,
01.12.1908 00:00,
01.01.1909 00:00,11.6
01.02.1909 00:00,
01.03.1909 00:00,
01.04.1909 00:00,
01.05.1909 00:00,
01.06.1909 00:00,
01.07.1909 00:00,
01.08.1909 00:00,
01.09.1909 00:00,
01.10.1909 00:00,
01.11.1909 00:00,
01.12.1909 00:00,
01.01.1910 00:00,12.1
01.02.1910 00:00,
01.03.1910 00:00,
01.04.1910 00:00,
01.05.1910 00:00,
01.06.1910 00:00,
01.07.1910 00:00,
01.08.1910 00:00,
01.09.1910 00:00,
01.10.1910 00:00,
01.11.1910 00:00,
01.12.1910 00:00,
01.01.1911 00:00,11.2
01.02.1911 00:00,
01.03.1911 00:00,
01.04.1911 00:00,
01.05.1911 00:00,
01.06.1911 00:00,
01.07.1911 00:00,
01.08.1911 00:00,
01.09.1911 00:00,
01.10.1911 00:00,
01.11.1911 00:00,
01.12.1911 00:00,
01.01.1912 00:00,11.9
01.02.1912 00:00,
01.03.1912 00:00,
01.04.1912 00:00,
01.05.1912 00:00,
01.06.1912 00:00,
01.07.1912 00:00,
01.08.1912 00:00,
01.09.1912 00:00,
01.10.1912 00:00,
01.11.1912 00:00,
01.12.1912 00:00,
01.01.1913 00:00,12.1
01.02.1913 00:00,12
01.03.1913 00:00,12
01.04.1913 00:00,12
01.05.1913 00:00,11.9
01.06.1913 00:00,11.9
01.07.1913 00:00,12
01.08.1913 00:00,12
01.09.1913 00:00,12.2
01.10.1913 00:00,12.2
01.11.1913 00:00,12.1
01.12.1913 00:00,11.9
01.01.1914 00:00,11.8
01.02.1914 00:00,11.8
01.03.1914 00:00,11.7
01.04.1914 00:00,11.7
01.05.1914 00:00,11.6
01.06.1914 00:00,11.6
01.07.1914 00:00,11.6
01.08.1914 00:00,12
01.09.1914 00:00,12.1
01.10.1914 00:00,11.7
01.11.1914 00:00,11.7
01.12.1914 00:00,11.6
01.01.1915 00:00,11.8
01.02.1915 00:00,11.8
01.03.1915 00:00,11.8
01.04.1915 00:00,11.8
01.05.1915 00:00,11.9
01.06.1915 00:00,11.8
01.07.1915 00:00,11.9
01.08.1915 00:00,11.8
01.09.1915 00:00,11.8
01.10.1915 00:00,12.1
01.11.1915 00:00,12.3
01.12.1915 00:00,12.8
01.01.1916 00:00,13.3
01.02.1916 00:00,13.5
01.03.1916 00:00,13.9
01.04.1916 00:00,14.1
01.05.1916 00:00,14.2
01.06.1916 00:00,14.3
01.07.1916 00:00,14.4
01.08.1916 00:00,14.7
01.09.1916 00:00,15
01.10.1916 00:00,15.7
01.11.1916 00:00,16.8
01.12.1916 00:00,17.1
01.01.1917 00:00,17.6
01.02.1917 00:00,18
01.03.1917 00:00,18.5
01.04.1917 00:00,19.7
01.05.1917 00:00,20.8
01.06.1917 00:00,21
01.07.1917 00:00,21.2
01.08.1917 00:00,21.5
01.09.1917 00:00,21.3
01.10.1917 00:00,21.1
01.11.1917 00:00,21.2
01.12.1917 00:00,21.2
01.01.1918 00:00,21.6
01.02.1918 00:00,21.1
01.03.1918 00:00,21.8
01.04.1918 00:00,22.1
01.05.1918 00:00,22.1
01.06.1918 00:00,22.2
01.07.1918 00:00,22.7
01.08.1918 00:00,23.2
01.09.1918 00:00,23.7
01.10.1918 00:00,23.5
01.11.1918 00:00,23.5
01.12.1918 00:00,23.5
01.01.1919 00:00,23.2
01.02.1919 00:00,22.4
01.03.1919 00:00,22.6
01.04.1919 00:00,22.9
01.05.1919 00:00,23.3
01.06.1919 00:00,23.4
01.07.1919 00:00,24.3
01.08.1919 00:00,24.9
01.09.1919 00:00,24.3
01.10.1919 00:00,24.4
01.11.1919 00:00,24.9
01.12.1919 00:00,26
01.01.1920 00:00,27.2
01.02.1920 00:00,27.1
01.03.1920 00:00,27.3
01.04.1920 00:00,28.5
01.05.1920 00:00,28.8
01.06.1920 00:00,28.7
01.07.1920 00:00,28.6
01.08.1920 00:00,27.8
01.09.1920 00:00,26.8
01.10.1920 00:00,24.9
01.11.1920 00:00,23
01.12.1920 00:00,20.8
01.01.1921 00:00,19.6
01.02.1921 00:00,18.1
01.03.1921 00:00,17.7
01.04.1921 00:00,17
01.05.1921 00:00,16.6
01.06.1921 00:00,16.1
01.07.1921 00:00,16.1
01.08.1921 00:00,16.1
01.09.1921 00:00,16.1
01.10.1921 00:00,16.2
01.11.1921 00:00,16.2
01.12.1921 00:00,16
01.01.1922 00:00,15.7
01.02.1922 00:00,16
01.03.1922 00:00,16
01.04.1922 00:00,16.1
01.05.1922 00:00,16.6
01.06.1922 00:00,16.6
01.07.1922 00:00,17.1
01.08.1922 00:00,17
01.09.1922 00:00,17.1
01.10.1922 00:00,17.2
01.11.1922 00:00,17.3
01.12.1922 00:00,17.3
01.01.1923 00:00,17.6
01.02.1923 00:00,17.8
01.03.1923 00:00,18
01.04.1923 00:00,17.9
01.05.1923 00:00,17.5
01.06.1923 00:00,17.3
01.07.1923 00:00,17
01.08.1923 00:00,16.9
01.09.1923 00:00,17.2
01.10.1923 00:00,17.1
01.11.1923 00:00,17
01.12.1923 00:00,16.9
01.01.1924 00:00,17.2
01.02.1924 00:00,17.2
01.03.1924 00:00,17
01.04.1924 00:00,16.7
01.05.1924 00:00,16.5
01.06.1924 00:00,16.4
01.07.1924 00:00,16.5
01.08.1924 00:00,16.7
01.09.1924 00:00,16.7
01.10.1924 00:00,16.9
01.11.1924 00:00,17.1
01.12.1924 00:00,17.5
01.01.1925 00:00,17.7
01.02.1925 00:00,17.9
01.03.1925 00:00,17.9
01.04.1925 00:00,17.5
01.05.1925 00:00,17.5
01.06.1925 00:00,17.7
01.07.1925 00:00,18
01.08.1925 00:00,17.9
01.09.1925 00:00,17.8
01.10.1925 00:00,17.8
01.11.1925 00:00,18
01.12.1925 00:00,17.8
01.01.1926 00:00,17.8
01.02.1926 00:00,17.6
01.03.1926 00:00,17.3
01.04.1926 00:00,17.3
01.05.1926 00:00,17.3
01.06.1926 00:00,17.3
01.07.1926 00:00,17.1
01.08.1926 00:00,17.1
01.09.1926 00:00,17.2
01.10.1926 00:00,17.1
01.11.1926 00:00,17
01.12.1926 00:00,16.9
01.01.1927 00:00,16.4
01.02.1927 00:00,16.6
01.03.1927 00:00,16.5
01.04.1927 00:00,16.3
01.05.1927 00:00,16.2
01.06.1927 00:00,16.2
01.07.1927 00:00,16.2
01.08.1927 00:00,16.4
01.09.1927 00:00,16.6
01.10.1927 00:00,16.7
01.11.1927 00:00,16.6
01.12.1927 00:00,16.6
01.01.1928 00:00,16.6
01.02.1928 00:00,16.5
01.03.1928 00:00,16.5
01.04.1928 00:00,16.7
01.05.1928 00:00,16.8
01.06.1928 00:00,16.7
01.07.1928 00:00,16.8
01.08.1928 00:00,16.8
01.09.1928 00:00,17
01.10.1928 00:00,16.7
01.11.1928 00:00,16.5
01.12.1928 00:00,16.5
01.01.1929 00:00,16.5
01.02.1929 00:00,16.4
01.03.1929 00:00,16.6
01.04.1929 00:00,16.5
01.05.1929 00:00,16.3
01.06.1929 00:00,16.4
01.07.1929 00:00,16.6
01.08.1929 00:00,16.6
01.09.1929 00:00,16.6
01.10.1929 00:00,16.4
01.11.1929 00:00,16.1
01.12.1929 00:00,16.1
01.01.1930 00:00,15.9
01.02.1930 00:00,15.7
01.03.1930 00:00,15.5
01.04.1930 00:00,15.5
01.05.1930 00:00,15.3
01.06.1930 00:00,15
01.07.1930 00:00,14.5
01.08.1930 00:00,14.5
01.09.1930 00:00,14.5
01.10.1930 00:00,14.3
01.11.1930 00:00,14
01.12.1930 00:00,13.7
01.01.1931 00:00,13.5
01.02.1931 00:00,13.2
01.03.1931 00:00,13.1
01.04.1931 00:00,12.9
01.05.1931 00:00,12.6
01.06.1931 00:00,12.4
01.07.1931 00:00,12.4
01.08.1931 00:00,12.4
01.09.1931 00:00,12.3
01.10.1931 00:00,12.1
01.11.1931 00:00,12.1
01.12.1931 00:00,11.8
01.01.1932 00:00,11.6
01.02.1932 00:00,11.4
01.03.1932 00:00,11.4
01.04.1932 00:00,11.3
01.05.1932 00:00,11.1
01.06.1932 00:00,11
01.07.1932 00:00,11.1
01.08.1932 00:00,11.2
01.09.1932 00:00,11.3
01.10.1932 00:00,11.1
01.11.1932 00:00,11
01.12.1932 00:00,10.8
01.01.1933 00:00,10.5
01.02.1933 00:00,10.3
01.03.1933 00:00,10.4
01.04.1933 00:00,10.4
01.05.1933 00:00,10.8
01.06.1933 00:00,11.2
01.07.1933 00:00,11.9
01.08.1933 00:00,12
01.09.1933 00:00,12.2
01.10.1933 00:00,12.3
01.11.1933 00:00,12.3
01.12.1933 00:00,12.2
01.01.1934 00:00,12.4
01.02.1934 00:00,12.7
01.03.1934 00:00,12.7
01.04.1934 00:00,12.7
01.05.1934 00:00,12.7
01.06.1934 00:00,12.9
01.07.1934 00:00,12.9
01.08.1934 00:00,13.2
01.09.1934 00:00,13.4
01.10.1934 00:00,13.2
01.11.1934 00:00,13.2
01.12.1934 00:00,13.3
01.01.1935 00:00,13.6
01.02.1935 00:00,13.7
01.03.1935 00:00,13.7
01.04.1935 00:00,13.8
01.05.1935 00:00,13.8
01.06.1935 00:00,13.8
01.07.1935 00:00,13.7
01.08.1935 00:00,13.9
01.09.1935 00:00,13.9
01.10.1935 00:00,13.9
01.11.1935 00:00,13.9
01.12.1935 00:00,14
01.01.1936 00:00,13.9
01.02.1936 00:00,13.9
01.03.1936 00:00,13.7
01.04.1936 00:00,13.7
01.05.1936 00:00,13.5
01.06.1936 00:00,13.7
01.07.1936 00:00,13.9
01.08.1936 00:00,14
01.09.1936 00:00,14
01.10.1936 00:00,14
01.11.1936 00:00,14.2
01.12.1936 00:00,14.5
01.01.1937 00:00,14.8
01.02.1937 00:00,14.9
01.03.1937 00:00,15.1
01.04.1937 00:00,15.2
01.05.1937 00:00,15.1
01.06.1937 00:00,15
01.07.1937 00:00,15.2
01.08.1937 00:00,15.1
01.09.1937 00:00,15.1
01.10.1937 00:00,14.7
01.11.1937 00:00,14.4
01.12.1937 00:00,14.1
01.01.1938 00:00,14
01.02.1938 00:00,13.8
01.03.1938 00:00,13.7
01.04.1938 00:00,13.5
01.05.1938 00:00,13.5
01.06.1938 00:00,13.5
01.07.1938 00:00,13.6
01.08.1938 00:00,13.4
01.09.1938 00:00,13.5
01.10.1938 00:00,13.4
01.11.1938 00:00,13.4
01.12.1938 00:00,13.3
01.01.1939 00:00,13.3
01.02.1939 00:00,13.3
01.03.1939 00:00,13.2
01.04.1939 00:00,13.1
01.05.1939 00:00,13.1
01.06.1939 00:00,13
01.07.1939 00:00,13
01.08.1939 00:00,12.9
01.09.1939 00:00,13.6
01.10.1939 00:00,13.7
01.11.1939 00:00,13.6
01.12.1939 00:00,13.7
01.01.1940 00:00,13.7
01.02.1940 00:00,13.6
01.03.1940 00:00,13.5
01.04.1940 00:00,13.5
01.05.1940 00:00,13.5
01.06.1940 00:00,13.4
01.07.1940 00:00,13.4
01.08.1940 00:00,13.4
01.09.1940 00:00,13.4
01.10.1940 00:00,13.6
01.11.1940 00:00,13.7
01.12.1940 00:00,13.8
01.01.1941 00:00,13.9
01.02.1941 00:00,13.9
01.03.1941 00:00,14
01.04.1941 00:00,14.4
01.05.1941 00:00,14.6
01.06.1941 00:00,15
01.07.1941 00:00,15.3
01.08.1941 00:00,15.6
01.09.1941 00:00,15.8
01.10.1941 00:00,15.9
01.11.1941 00:00,15.9
01.12.1941 00:00,16.2
01.01.1942 00:00,16.5
01.02.1942 00:00,16.7
01.03.1942 00:00,16.8
01.04.1942 00:00,17
01.05.1942 00:00,17
01.06.1942 00:00,17
01.07.1942 00:00,17
01.08.1942 00:00,17.1
01.09.1942 00:00,17.2
01.10.1942 00:00,17.2
01.11.1942 00:00,17.3
01.12.1942 00:00,17.4
01.01.1943 00:00,17.5
01.02.1943 00:00,17.7
01.03.1943 00:00,17.8
01.04.1943 00:00,17.9
01.05.1943 00:00,17.9
01.06.1943 00:00,17.9
01.07.1943 00:00,17.8
01.08.1943 00:00,17.8
01.09.1943 00:00,17.8
01.10.1943 00:00,17.8
01.11.1943 00:00,17.7
01.12.1943 00:00,17.8
01.01.1944 00:00,17.8
01.02.1944 00:00,17.8
01.03.1944 00:00,17.9
01.04.1944 00:00,17.9
01.05.1944 00:00,17.9
01.06.1944 00:00,18
01.07.1944 00:00,17.9
01.08.1944 00:00,17.9
01.09.1944 00:00,17.9
01.10.1944 00:00,17.9
01.11.1944 00:00,18
01.12.1944 00:00,18
01.01.1945 00:00,18.1
01.02.1945 00:00,18.1
01.03.1945 00:00,18.1
01.04.1945 00:00,18.2
01.05.1945 00:00,18.3
01.06.1945 00:00,18.3
01.07.1945 00:00,18.3
01.08.1945 00:00,18.2
01.09.1945 00:00,18.1
01.10.1945 00:00,18.2
01.11.1945 00:00,18.4
01.12.1945 00:00,18.4
01.01.1946 00:00,18.4
01.02.1946 00:00,18.5
01.03.1946 00:00,18.8
01.04.1946 00:00,19
01.05.1946 00:00,19.1
01.06.1946 00:00,19.4
01.07.1946 00:00,21.5
01.08.1946 00:00,22.2
01.09.1946 00:00,21.4
01.10.1946 00:00,23.1
01.11.1946 00:00,24.1
01.12.1946 00:00,24.3
01.01.1947 00:00,24.5
01.02.1947 00:00,24.7
01.03.1947 00:00,25.3
01.04.1947 00:00,25.1
01.05.1947 00:00,25
01.06.1947 00:00,25
01.07.1947 00:00,25.3
01.08.1947 00:00,25.6
01.09.1947 00:00,26.1
01.10.1947 00:00,26.4
01.11.1947 00:00,26.7
01.12.1947 00:00,27.2
01.01.1948 00:00,27.7
01.02.1948 00:00,27.2
01.03.1948 00:00,27.2
01.04.1948 00:00,27.4
01.05.1948 00:00,27.5
01.06.1948 00:00,27.7
01.07.1948 00:00,28
01.08.1948 00:00,28.2
01.09.1948 00:00,28.1
01.10.1948 00:00,27.8
01.11.1948 00:00,27.8
01.12.1948 00:00,27.6
01.01.1949 00:00,27.3
01.02.1949 00:00,26.8
01.03.1949 00:00,26.8
01.04.1949 00:00,26.5
01.05.1949 00:00,26.3
01.06.1949 00:00,26
01.07.1949 00:00,26
01.08.1949 00:00,26
01.09.1949 00:00,26.1
01.10.1949 00:00,26
01.11.1949 00:00,26
01.12.1949 00:00,25.9
01.01.1950 00:00,25.9
01.02.1950 00:00,26.1
01.03.1950 00:00,26.1
01.04.1950 00:00,26.1
01.05.1950 00:00,26.4
01.06.1950 00:00,26.6
01.07.1950 00:00,27.3
01.08.1950 00:00,27.9
01.09.1950 00:00,28.4
01.10.1950 00:00,28.6
01.11.1950 00:00,29
01.12.1950 00:00,29.7
01.01.1951 00:00,30.5
01.02.1951 00:00,30.9
01.03.1951 00:00,30.9
01.04.1951 00:00,30.8
01.05.1951 00:00,30.7
01.06.1951 00:00,30.5
01.07.1951 00:00,30.3
01.08.1951 00:00,30.1
01.09.1951 00:00,30.1
01.10.1951 00:00,30.1
01.11.1951 00:00,30.1
01.12.1951 00:00,30.1
01.01.1952 00:00,30
01.02.1952 00:00,29.8
01.03.1952 00:00,29.8
01.04.1952 00:00,29.6
01.05.1952 00:00,29.6
01.06.1952 00:00,29.5
01.07.1952 00:00,29.6
01.08.1952 00:00,29.8
01.09.1952 00:00,29.6
01.10.1952 00:00,29.5
01.11.1952 00:00,29.3
01.12.1952 00:00,29.1
01.01.1953 00:00,29.1
01.02.1953 00:00,29.1
01.03.1953 00:00,29.2
01.04.1953 00:00,29
01.05.1953 00:00,29.1
01.06.1953 00:00,29
01.07.1953 00:00,29.4
01.08.1953 00:00,29.3
01.09.1953 00:00,29.4
01.10.1953 00:00,29.2
01.11.1953 00:00,29.1
01.12.1953 00:00,29.2
01.01.1954 00:00,29.4
01.02.1954 00:00,29.3
01.03.1954 00:00,29.3
01.04.1954 00:00,29.4
01.05.1954 00:00,29.4
01.06.1954 00:00,29.2
01.07.1954 00:00,29.3
01.08.1954 00:00,29.3
01.09.1954 00:00,29.2
01.10.1954 00:00,29.1
01.11.1954 00:00,29.2
01.12.1954 00:00,29
01.01.1955 00:00,29.2
01.02.1955 00:00,29.3
01.03.1955 00:00,29.2
01.04.1955 00:00,29.3
01.05.1955 00:00,29.1
01.06.1955 00:00,29.3
01.07.1955 00:00,29.3
01.08.1955 00:00,29.4
01.09.1955 00:00,29.6
01.10.1955 00:00,29.6
01.11.1955 00:00,29.5
01.12.1955 00:00,29.5
01.01.1956 00:00,29.7
01.02.1956 00:00,29.8
01.03.1956 00:00,29.9
01.04.1956 00:00,30.1
01.05.1956 00:00,30.3
01.06.1956 00:00,30.3
01.07.1956 00:00,30.2
01.08.1956 00:00,30.4
01.09.1956 00:00,30.6
01.10.1956 00:00,30.6
01.11.1956 00:00,30.7
01.12.1956 00:00,30.8
01.01.1957 00:00,31
01.02.1957 00:00,31
01.03.1957 00:00,31
01.04.1957 00:00,31.1
01.05.1957 00:00,31
01.06.1957 00:00,31.1
01.07.1957 00:00,31.3
01.08.1957 00:00,31.4
01.09.1957 00:00,31.3
01.10.1957 00:00,31.2
01.11.1957 00:00,31.3
01.12.1957 00:00,31.4
01.01.1958 00:00,31.5
01.02.1958 00:00,31.5
01.03.1958 00:00,31.7
01.04.1958 00:00,31.6
01.05.1958 00:00,31.7
01.06.1958 00:00,31.6
01.07.1958 00:00,31.6
01.08.1958 00:00,31.6
01.09.1958 00:00,31.6
01.10.1958 00:00,31.5
01.11.1958 00:00,31.6
01.12.1958 00:00,31.6
01.01.1959 00:00,31.7
01.02.1959 00:00,31.7
01.03.1959 00:00,31.7
01.04.1959 00:00,31.8
01.05.1959 00:00,31.8
01.06.1959 00:00,31.7
01.07.1959 00:00,31.7
01.08.1959 00:00,31.6
01.09.1959 00:00,31.7
01.10.1959 00:00,31.6
01.11.1959 00:00,31.5
01.12.1959 00:00,31.5
01.01.1960 00:00,31.6
01.02.1960 00:00,31.6
01.03.1960 00:00,31.8
01.04.1960 00:00,31.8
01.05.1960 00:00,31.7
01.06.1960 00:00,31.7
01.07.1960 00:00,31.7
01.08.1960 00:00,31.6
01.09.1960 00:00,31.6
01.10.1960 00:00,31.7
01.11.1960 00:00,31.7
01.12.1960 00:00,31.7
01.01.1961 00:00,31.8
01.02.1961 00:00,31.8
01.03.1961 00:00,31.8
01.04.1961 00:00,31.6
01.05.1961 00:00,31.5
01.06.1961 00:00,31.3
01.07.1961 00:00,31.5
01.08.1961 00:00,31.5
01.09.1961 00:00,31.5
01.10.1961 00:00,31.5
01.11.1961 00:00,31.5
01.12.1961 00:00,31.6
01.01.1962 00:00,31.7
01.02.1962 00:00,31.7
01.03.1962 00:00,31.7
01.04.1962 00:00,31.6
01.05.1962 00:00,31.5
01.06.1962 00:00,31.5
01.07.1962 00:00,31.6
01.08.1962 00:00,31.6
01.09.1962 00:00,31.9
01.10.1962 00:00,31.7
01.11.1962 00:00,31.7
01.12.1962 00:00,31.6
01.01.1963 00:00,31.6
01.02.1963 00:00,31.5
01.03.1963 00:00,31.5
01.04.1963 00:00,31.4
01.05.1963 00:00,31.5
01.06.1963 00:00,31.6
01.07.1963 00:00,31.7
01.08.1963 00:00,31.6
01.09.1963 00:00,31.6
01.10.1963 00:00,31.6
01.11.1963 00:00,31.7
01.12.1963 00:00,31.6
01.01.1964 00:00,31.8
01.02.1964 00:00,31.6
01.03.1964 00:00,31.6
01.04.1964 00:00,31.6
01.05.1964 00:00,31.5
01.06.1964 00:00,31.5
01.07.1964 00:00,31.6
01.08.1964 00:00,31.6
01.09.1964 00:00,31.7
01.10.1964 00:00,31.7
01.11.1964 00:00,31.7
01.12.1964 00:00,31.7
01.01.1965 00:00,31.8
01.02.1965 00:00,31.9
01.03.1965 00:00,31.9
01.04.1965 00:00,32
01.05.1965 00:00,32.1
01.06.1965 00:00,32.4
01.07.1965 00:00,32.4
01.08.1965 00:00,32.4
01.09.1965 00:00,32.4
01.10.1965 00:00,32.5
01.11.1965 00:00,32.6
01.12.1965 00:00,32.8
01.01.1966 00:00,32.9
01.02.1966 00:00,33.2
01.03.1966 00:00,33.2
01.04.1966 00:00,33.2
01.05.1966 00:00,33.2
01.06.1966 00:00,33.3
01.07.1966 00:00,33.5
01.08.1966 00:00,33.6
01.09.1966 00:00,33.6
01.10.1966 00:00,33.4
01.11.1966 00:00,33.3
01.12.1966 00:00,33.3
01.01.1967 00:00,33.4
01.02.1967 00:00,33.4
01.03.1967 00:00,33.3
01.04.1967 00:00,33.1
01.05.1967 00:00,33.3
01.06.1967 00:00,33.5
01.07.1967 00:00,33.5
01.08.1967 00:00,33.4
01.09.1967 00:00,33.4
01.10.1967 00:00,33.4
01.11.1967 00:00,33.4
01.12.1967 00:00,33.7
01.01.1968 00:00,33.8
01.02.1968 00:00,34
01.03.1968 00:00,34.1
01.04.1968 00:00,34.1
01.05.1968 00:00,34.2
01.06.1968 00:00,34.2
01.07.1968 00:00,34.3
01.08.1968 00:00,34.2
01.09.1968 00:00,34.4
01.10.1968 00:00,34.4
01.11.1968 00:00,34.5
01.12.1968 00:00,34.6
01.01.1969 00:00,34.8
01.02.1969 00:00,35
01.03.1969 00:00,35.2
01.04.1969 00:00,35.3
01.05.1969 00:00,35.5
01.06.1969 00:00,35.7
01.07.1969 00:00,35.8
01.08.1969 00:00,35.7
01.09.1969 00:00,35.8
01.10.1969 00:00,35.9
01.11.1969 00:00,36.1
01.12.1969 00:00,36.3
01.01.1970 00:00,36.5
01.02.1970 00:00,36.7
01.03.1970 00:00,36.7
01.04.1970 00:00,36.8
01.05.1970 00:00,36.8
01.06.1970 00:00,36.9
01.07.1970 00:00,37.1
01.08.1970 00:00,36.9
01.09.1970 00:00,37.1
01.10.1970 00:00,37.1
01.11.1970 00:00,37.1
01.12.1970 00:00,37.1
01.01.1971 00:00,37.3
01.02.1971 00:00,37.7
01.03.1971 00:00,37.8
01.04.1971 00:00,37.9
01.05.1971 00:00,38.1
01.06.1971 00:00,38.2
01.07.1971 00:00,38.3
01.08.1971 00:00,38.5
01.09.1971 00:00,38.3
01.10.1971 00:00,38.3
01.11.1971 00:00,38.3
01.12.1971 00:00,38.6
01.01.1972 00:00,38.8
01.02.1972 00:00,39.2
01.03.1972 00:00,39.2
01.04.1972 00:00,39.3
01.05.1972 00:00,39.5
01.06.1972 00:00,39.7
01.07.1972 00:00,40
01.08.1972 00:00,40.1
01.09.1972 00:00,40.2
01.10.1972 00:00,40.1
01.11.1972 00:00,40.3
01.12.1972 00:00,41.1
01.01.1973 00:00,41.6
01.02.1973 00:00,42.4
01.03.1973 00:00,43.4
01.04.1973 00:00,43.6
01.05.1973 00:00,44.5
01.06.1973 00:00,45.5
01.07.1973 00:00,44.9
01.08.1973 00:00,47.5
01.09.1973 00:00,46.7
01.10.1973 00:00,46.3
01.11.1973 00:00,46.5
01.12.1973 00:00,47.4
01.01.1974 00:00,49
01.02.1974 00:00,50
01.03.1974 00:00,50.6
01.04.1974 00:00,51
01.05.1974 00:00,51.8
01.06.1974 00:00,52
01.07.1974 00:00,54
01.08.1974 00:00,55.9
01.09.1974 00:00,55.9
01.10.1974 00:00,56.9
01.11.1974 00:00,57.4
01.12.1974 00:00,57.3
01.01.1975 00:00,57.4
01.02.1975 00:00,57.2
01.03.1975 00:00,56.9
01.04.1975 00:00,57.5
01.05.1975 00:00,57.9
01.06.1975 00:00,58
01.07.1975 00:00,58.7
01.08.1975 00:00,59
01.09.1975 00:00,59.4
01.10.1975 00:00,59.8
01.11.1975 00:00,59.5
01.12.1975 00:00,59.7
01.01.1976 00:00,59.9
01.02.1976 00:00,59.9
01.03.1976 00:00,60
01.04.1976 00:00,60.6
01.05.1976 00:00,60.8
01.06.1976 00:00,61.2
01.07.1976 00:00,61.6
01.08.1976 00:00,61.4
01.09.1976 00:00,61.8
01.10.1976 00:00,61.9
01.11.1976 00:00,62
01.12.1976 00:00,62.5
01.01.1977 00:00,62.8
01.02.1977 00:00,63.5
01.03.1977 00:00,64.1
01.04.1977 00:00,64.9
01.05.1977 00:00,65.2
01.06.1977 00:00,65
01.07.1977 00:00,65.1
01.08.1977 00:00,65
01.09.1977 00:00,65.3
01.10.1977 00:00,65.6
01.11.1977 00:00,65.8
01.12.1977 00:00,66.2
01.01.1978 00:00,66.8
01.02.1978 00:00,67.5
01.03.1978 00:00,68.1
01.04.1978 00:00,69
01.05.1978 00:00,69.5
01.06.1978 00:00,70
01.07.1978 00:00,70.4
01.08.1978 00:00,70.4
01.09.1978 00:00,71
01.10.1978 00:00,71.8
01.11.1978 00:00,72.1
01.12.1978 00:00,72.7
01.01.1979 00:00,73.8
01.02.1979 00:00,74.9
01.03.1979 00:00,75.8
01.04.1979 00:00,76.9
01.05.1979 00:00,77.5
01.06.1979 00:00,78
01.07.1979 00:00,79.2
01.08.1979 00:00,79.6
01.09.1979 00:00,80.9
01.10.1979 00:00,82.1
01.11.1979 00:00,82.6
01.12.1979 00:00,83.4
01.01.1980 00:00,85.2
01.02.1980 00:00,86.9
01.03.1980 00:00,87.5
01.04.1980 00:00,87.8
01.05.1980 00:00,88.3
01.06.1980 00:00,88.7
01.07.1980 00:00,90.3
01.08.1980 00:00,91.5
01.09.1980 00:00,91.7
01.10.1980 00:00,92.8
01.11.1980 00:00,93.2
01.12.1980 00:00,93.8
01.01.1981 00:00,95.2
01.02.1981 00:00,96.1
01.03.1981 00:00,97
01.04.1981 00:00,98
01.05.1981 00:00,98.3
01.06.1981 00:00,98.5
01.07.1981 00:00,99
01.08.1981 00:00,99
01.09.1981 00:00,98.8
01.10.1981 00:00,98.9
01.11.1981 00:00,98.8
01.12.1981 00:00,98.8
01.01.1982 00:00,99.7
01.02.1982 00:00,99.8
01.03.1982 00:00,99.6
01.04.1982 00:00,99.6
01.05.1982 00:00,99.8
01.06.1982 00:00,100
01.07.1982 00:00,100.4
01.08.1982 00:00,100.3
01.09.1982 00:00,100
01.10.1982 00:00,100.2
01.11.1982 00:00,100.3
01.12.1982 00:00,100.5
01.01.1983 00:00,100.2
01.02.1983 00:00,100.5
01.03.1983 00:00,100.4
01.04.1983 00:00,100.4
01.05.1983 00:00,100.8
01.06.1983 00:00,101
01.07.1983 00:00,101.3
01.08.1983 00:00,101.8
01.09.1983 00:00,102
01.10.1983 00:00,102.2
01.11.1983 00:00,102.1
01.12.1983 00:00,102.3
01.01.1984 00:00,102.9
01.02.1984 00:00,103.2
01.03.1984 00:00,103.9
01.04.1984 00:00,104
01.05.1984 00:00,104.1
01.06.1984 00:00,104
01.07.1984 00:00,104.2
01.08.1984 00:00,103.8
01.09.1984 00:00,103.4
01.10.1984 00:00,103.4
01.11.1984 00:00,103.7
01.12.1984 00:00,103.5
01.01.1985 00:00,103.4
01.02.1985 00:00,103.3
01.03.1985 00:00,103.1
01.04.1985 00:00,103.3
01.05.1985 00:00,103.5
01.06.1985 00:00,103.3
01.07.1985 00:00,103.2
01.08.1985 00:00,102.7
01.09.1985 00:00,102.1
01.10.1985 00:00,102.9
01.11.1985 00:00,103.4
01.12.1985 00:00,103.6
01.01.1986 00:00,103.2
01.02.1986 00:00,101.7
01.03.1986 00:00,100.3
01.04.1986 00:00,99.6
01.05.1986 00:00,100
01.06.1986 00:00,99.9
01.07.1986 00:00,99.4
01.08.1986 00:00,99.3
01.09.1986 00:00,99.4
01.10.1986 00:00,99.7
01.11.1986 00:00,99.8
01.12.1986 00:00,99.7
01.01.1987 00:00,100.5
01.02.1987 00:00,101
01.03.1987 00:00,101.2
01.04.1987 00:00,101.9
01.05.1987 00:00,102.6
01.06.1987 00:00,103
01.07.1987 00:00,103.5
01.08.1987 00:00,103.8
01.09.1987 00:00,103.7
01.10.1987 00:00,104.1
01.11.1987 00:00,104.2
01.12.1987 00:00,104.2
01.01.1988 00:00,104.6
01.02.1988 00:00,104.8
01.03.1988 00:00,104.9
01.04.1988 00:00,105.8
01.05.1988 00:00,106.5
01.06.1988 00:00,107.2
01.07.1988 00:00,107.9
01.08.1988 00:00,108
01.09.1988 00:00,108.1
01.10.1988 00:00,108.2
01.11.1988 00:00,108.3
01.12.1988 00:00,109
01.01.1989 00:00,110.5
01.02.1989 00:00,110.8
01.03.1989 00:00,111.5
01.04.1989 00:00,112.3
01.05.1989 00:00,113.2
01.06.1989 00:00,112.9
01.07.1989 00:00,112.8
01.08.1989 00:00,112
01.09.1989 00:00,112.4
01.10.1989 00:00,112.8
01.11.1989 00:00,112.7
01.12.1989 00:00,113
01.01.1990 00:00,114.9
01.02.1990 00:00,114.4
01.03.1990 00:00,114.2
01.04.1990 00:00,114.1
01.05.1990 00:00,114.6
01.06.1990 00:00,114.3
01.07.1990 00:00,114.5
01.08.1990 00:00,116.5
01.09.1990 00:00,118.4
01.10.1990 00:00,120.8
01.11.1990 00:00,120.1
01.12.1990 00:00,118.7
01.01.1991 00:00,119
01.02.1991 00:00,117.2
01.03.1991 00:00,116.2
01.04.1991 00:00,116
01.05.1991 00:00,116.5
01.06.1991 00:00,116.4
01.07.1991 00:00,116.1
01.08.1991 00:00,116.2
01.09.1991 00:00,116.1
01.10.1991 00:00,116.4
01.11.1991 00:00,116.4
01.12.1991 00:00,115.9
01.01.1992 00:00,115.6
01.02.1992 00:00,116
01.03.1992 00:00,116.1
01.04.1992 00:00,116.3
01.05.1992 00:00,117.2
01.06.1992 00:00,118
01.07.1992 00:00,117.9
01.08.1992 00:00,117.7
01.09.1992 00:00,118
01.10.1992 00:00,118.1
01.11.1992 00:00,117.8
01.12.1992 00:00,117.6
01.01.1993 00:00,118
01.02.1993 00:00,118.4
01.03.1993 00:00,118.7
01.04.1993 00:00,119.3
01.05.1993 00:00,119.7
01.06.1993 00:00,119.5
01.07.1993 00:00,119.2
01.08.1993 00:00,118.7
01.09.1993 00:00,118.7
01.10.1993 00:00,119.1
01.11.1993 00:00,119
01.12.1993 00:00,118.6
01.01.1994 00:00,119.1
01.02.1994 00:00,119.3
01.03.1994 00:00,119.7
01.04.1994 00:00,119.7
01.05.1994 00:00,119.9
01.06.1994 00:00,120.5
01.07.1994 00:00,120.7
01.08.1994 00:00,121.2
01.09.1994 00:00,121
01.10.1994 00:00,120.9
01.11.1994 00:00,121.5
01.12.1994 00:00,121.9
01.01.1995 00:00,122.9
01.02.1995 00:00,123.5
01.03.1995 00:00,123.9
01.04.1995 00:00,124.6
01.05.1995 00:00,124.9
01.06.1995 00:00,125.3
01.07.1995 00:00,125.3
01.08.1995 00:00,125.1
01.09.1995 00:00,125.2
01.10.1995 00:00,125.3
01.11.1995 00:00,125.4
01.12.1995 00:00,125.7
01.01.1996 00:00,126.3
01.02.1996 00:00,126.2
01.03.1996 00:00,126.4
01.04.1996 00:00,127.4
01.05.1996 00:00,128.1
01.06.1996 00:00,128
01.07.1996 00:00,128
01.08.1996 00:00,128.3
01.09.1996 00:00,128.2
01.10.1996 00:00,128
01.11.1996 00:00,128.2
01.12.1996 00:00,129.1
01.01.1997 00:00,129.7
01.02.1997 00:00,128.5
01.03.1997 00:00,127.3
01.04.1997 00:00,127
01.05.1997 00:00,127.4
01.06.1997 00:00,127.2
01.07.1997 00:00,126.9
01.08.1997 00:00,127.2
01.09.1997 00:00,127.5
01.10.1997 00:00,127.8
01.11.1997 00:00,127.9
01.12.1997 00:00,126.8
01.01.1998 00:00,125.4
01.02.1998 00:00,125
01.03.1998 00:00,124.7
01.04.1998 00:00,124.9
01.05.1998 00:00,125.1
01.06.1998 00:00,124.8
01.07.1998 00:00,124.9
01.08.1998 00:00,124.2
01.09.1998 00:00,123.8
01.10.1998 00:00,124
01.11.1998 00:00,123.6
01.12.1998 00:00,122.8
01.01.1999 00:00,122.9
01.02.1999 00:00,122.3
01.03.1999 00:00,122.6
01.04.1999 00:00,123.6
01.05.1999 00:00,124.7
01.06.1999 00:00,125.2
01.07.1999 00:00,125.7
01.08.1999 00:00,126.9
01.09.1999 00:00,128
01.10.1999 00:00,127.7
01.11.1999 00:00,128.3
01.12.1999 00:00,127.8
01.01.2000 00:00,128.3
01.02.2000 00:00,129.8
01.03.2000 00:00,130.8
01.04.2000 00:00,130.7
01.05.2000 00:00,131.6
01.06.2000 00:00,133.8
01.07.2000 00:00,133.7
01.08.2000 00:00,132.9
01.09.2000 00:00,134.7
01.10.2000 00:00,135.4
01.11.2000 00:00,135
01.12.2000 00:00,136.2
01.01.2001 00:00,140
01.02.2001 00:00,137.4
01.03.2001 00:00,135.9
01.04.2001 00:00,136.4
01.05.2001 00:00,136.8
01.06.2001 00:00,135.5
01.07.2001 00:00,133.4
01.08.2001 00:00,133.4
01.09.2001 00:00,133.3
01.10.2001 00:00,130.3
01.11.2001 00:00,129.8
01.12.2001 00:00,128.1
01.01.2002 00:00,128.5
01.02.2002 00:00,128.4
01.03.2002 00:00,129.8
01.04.2002 00:00,130.8
01.05.2002 00:00,130.8
01.06.2002 00:00,130.9
01.07.2002 00:00,131.2
01.08.2002 00:00,131.5
01.09.2002 00:00,132.3
01.10.2002 00:00,133.2
01.11.2002 00:00,133.1
01.12.2002 00:00,132.9
01.01.2003 00:00,135.3
01.02.2003 00:00,137.6
01.03.2003 00:00,141.2
01.04.2003 00:00,136.8
01.05.2003 00:00,136.7
01.06.2003 00:00,138
01.07.2003 00:00,137.7
01.08.2003 00:00,138
01.09.2003 00:00,138.5
01.10.2003 00:00,139.3
01.11.2003 00:00,138.9
01.12.2003 00:00,139.5
01.01.2004 00:00,141.4
01.02.2004 00:00,142.1
01.03.2004 00:00,143.1
01.04.2004 00:00,144.8
01.05.2004 00:00,146.8
01.06.2004 00:00,147.2
01.07.2004 00:00,147.4
01.08.2004 00:00,148
01.09.2004 00:00,147.7
01.10.2004 00:00,150
01.11.2004 00:00,151.4
01.12.2004 00:00,150.2
01.01.2005 00:00,150.9
01.02.2005 00:00,151.6
01.03.2005 00:00,153.7
01.04.2005 00:00,155
01.05.2005 00:00,154.3
01.06.2005 00:00,154.3
01.07.2005 00:00,156.3
01.08.2005 00:00,157.6
01.09.2005 00:00,162.2
01.10.2005 00:00,166.2
01.11.2005 00:00,163.7
01.12.2005 00:00,163
01.01.2006 00:00,164.3
01.02.2006 00:00,161.8
01.03.2006 00:00,162.2
01.04.2006 00:00,164.3
01.05.2006 00:00,165.8
01.06.2006 00:00,166.1
01.07.2006 00:00,166.8
01.08.2006 00:00,167.9
01.09.2006 00:00,165.4
01.10.2006 00:00,162.2
01.11.2006 00:00,164.6
01.12.2006 00:00,165.6
01.01.2007 00:00,164
01.02.2007 00:00,166.8
01.03.2007 00:00,169.3
01.04.2007 00:00,171.4
01.05.2007 00:00,173.3
01.06.2007 00:00,173.8
01.07.2007 00:00,175.1
01.08.2007 00:00,172.4
01.09.2007 00:00,173.5
01.10.2007 00:00,174.7
01.11.2007 00:00,179
01.12.2007 00:00,178.6
01.01.2008 00:00,181
01.02.2008 00:00,182.7
01.03.2008 00:00,187.9
01.04.2008 00:00,190.9
01.05.2008 00:00,196.6
01.06.2008 00:00,200.5
01.07.2008 00:00,205.5
01.08.2008 00:00,199
01.09.2008 00:00,196.9
01.10.2008 00:00,186.4
01.11.2008 00:00,176.8
01.12.2008 00:00,170.9
01.01.2009 00:00,171.2
01.02.2009 00:00,169.3
01.03.2009 00:00,168.1
01.04.2009 00:00,169.1
01.05.2009 00:00,170.8
01.06.2009 00:00,174.1
01.07.2009 00:00,172.5
01.08.2009 00:00,175
01.09.2009 00:00,174.1
01.10.2009 00:00,175.2
01.11.2009 00:00,177.4
01.12.2009 00:00,178.1
01.01.2010 00:00,181.9
01.02.2010 00:00,181
01.03.2010 00:00,183.3
01.04.2010 00:00,184.4
01.05.2010 00:00,184.8
01.06.2010 00:00,183.5
01.07.2010 00:00,184.1
01.08.2010 00:00,184.9
01.09.2010 00:00,184.9
01.10.2010 00:00,186.6
01.11.2010 00:00,187.7
01.12.2010 00:00,189.7
01.01.2011 00:00,192.7
01.02.2011 00:00,195.8
01.03.2011 00:00,199.2
01.04.2011 00:00,203.1
01.05.2011 00:00,204.1
01.06.2011 00:00,203.9
01.07.2011 00:00,204.6
01.08.2011 00:00,203.2
01.09.2011 00:00,203.7
01.10.2011 00:00,201.1
01.11.2011 00:00,201.4
01.12.2011 00:00,199.8
01.01.2012 00:00,200.7
01.02.2012 00:00,201.6
01.03.2012 00:00,204.2
01.04.2012 00:00,203.7
01.05.2012 00:00,201.9
01.06.2012 00:00,199.8
01.07.2012 00:00,200.1
01.08.2012 00:00,202.7
01.09.2012 00:00,204.4
01.10.2012 00:00,203.5
01.11.2012 00:00,201.8
01.12.2012 00:00,201.5
01.01.2013 00:00,202.5
01.02.2013 00:00,204.3
01.03.2013 00:00,204
01.04.2013 00:00,203.5
01.05.2013 00:00,204.1
01.06.2013 00:00,204.3
01.07.2013 00:00,204.4
01.08.2013 00:00,204.2
01.09.2013 00:00,203.9
01.10.2013 00:00,202.5
01.11.2013 00:00,201.2
01.12.2013 00:00,202
01.01.2014 00:00,203.8
01.02.2014 00:00,205.7
01.03.2014 00:00,207
01.04.2014 00:00,208.3
01.05.2014 00:00,208
01.06.2014 00:00,208.3
01.07.2014 00:00,208
01.08.2014 00:00,207
01.09.2014 00:00,206.4
01.10.2014 00:00,203.4
01.11.2014 00:00,200.9
01.12.2014 00:00,197
01.01.2015 00:00,192
01.02.2015 00:00,191.1
01.03.2015 00:00,191.5
01.04.2015 00:00,190.9
01.05.2015 00:00,193.4
01.06.2015 00:00,194.8
01.07.2015 00:00,193.9
01.08.2015 00:00,191.9
01.09.2015 00:00,189.1
01.10.2015 00:00,187.5
01.11.2015 00:00,185.7
01.12.2015 00:00,183.5
01.01.2016 00:00,182.6
04.01.2016 00:00,
05.01.2016 00:00,
06.01.2016 00:00,
07.01.2016 00:00,
08.01.2016 00:00,
11.01.2016 00:00,
12.01.2016 00:00,
13.01.2016 00:00,
14.01.2016 00:00,
15.01.2016 00:00,
19.01.2016 00:00,
20.01.2016 00:00,
21.01.2016 00:00,
22.01.2016 00:00,
25.01.2016 00:00,
26.01.2016 00:00,
27.01.2016 00:00,
28.01.2016 00:00,
29.01.2016 00:00,
01.02.2016 00:00,181.3
02.02.2016 00:00,
03.02.2016 00:00,
04.02.2016 00:00,
05.02.2016 00:00,
08.02.2016 00:00,
09.02.2016 00:00,
10.02.2016 00:00,
11.02.2016 00:00,
12.02.2016 00:00,
16.02.2016 00:00,
17.02.2016 00:00,
18.02.2016 00:00,
19.02.2016 00:00,
22.02.2016 00:00,
23.02.2016 00:00,
24.02.2016 00:00,
25.02.2016 00:00,
26.02.2016 00:00,
29.02.2016 00:00,
01.03.2016 00:00,182.1
02.03.2016 00:00,
03.03.2016 00:00,
04.03.2016 00:00,
07.03.2016 00:00,
08.03.2016 00:00,
09.03.2016 00:00,
10.03.2016 00:00,
11.03.2016 00:00,
14.03.2016 00:00,
15.03.2016 00:00,
16.03.2016 00:00,
17.03.2016 00:00,
18.03.2016 00:00,
21.03.2016 00:00,
22.03.2016 00:00,
23.03.2016 00:00,
24.03.2016 00:00,
28.03.2016 00:00,
29.03.2016 00:00,
30.03.2016 00:00,
31.03.2016 00:00,
01.04.2016 00:00,183.2
04.04.2016 00:00,
05.04.2016 00:00,
06.04.2016 00:00,
07.04.2016 00:00,
08.04.2016 00:00,
11.04.2016 00:00,
12.04.2016 00:00,
13.04.2016 00:00,
14.04.2016 00:00,
15.04.2016 00:00,
18.04.2016 00:00,
19.04.2016 00:00,
20.04.2016 00:00,
21.04.2016 00:00,
22.04.2016 00:00,
25.04.2016 00:00,
26.04.2016 00:00,
27.04.2016 00:00,
28.04.2016 00:00,
29.04.2016 00:00,
01.05.2016 00:00,185.3
02.05.2016 00:00,
03.05.2016 00:00,
04.05.2016 00:00,
05.05.2016 00:00,
06.05.2016 00:00,
09.05.2016 00:00,
10.05.2016 00:00,
11.05.2016 00:00,
12.05.2016 00:00,
13.05.2016 00:00,
16.05.2016 00:00,
17.05.2016 00:00,
18.05.2016 00:00,
19.05.2016 00:00,
20.05.2016 00:00,
23.05.2016 00:00,
24.05.2016 00:00,
25.05.2016 00:00,
26.05.2016 00:00,
27.05.2016 00:00,
31.05.2016 00:00,
01.06.2016 00:00,187.6
02.06.2016 00:00,
03.06.2016 00:00,
06.06.2016 00:00,
07.06.2016 00:00,
08.06.2016 00:00,
09.06.2016 00:00,
10.06.2016 00:00,
13.06.2016 00:00,
14.06.2016 00:00,
15.06.2016 00:00,
16.06.2016 00:00,
17.06.2016 00:00,
20.06.2016 00:00,
21.06.2016 00:00,
22.06.2016 00:00,
23.06.2016 00:00,
24.06.2016 00:00,
27.06.2016 00:00,
28.06.2016 00:00,
29.06.2016 00:00,
30.06.2016 00:00,
01.07.2016 00:00,187.7
05.07.2016 00:00,
06.07.2016 00:00,
07.07.2016 00:00,
08.07.2016 00:00,
11.07.2016 00:00,
12.07.2016 00:00,
13.07.2016 00:00,
14.07.2016 00:00,
15.07.2016 00:00,
18.07.2016 00:00,
19.07.2016 00:00,
20.07.2016 00:00,
21.07.2016 00:00,
22.07.2016 00:00,
25.07.2016 00:00,
26.07.2016 00:00,
27.07.2016 00:00,
28.07.2016 00:00,
29.07.2016 00:00,
01.08.2016 00:00,186.6
02.08.2016 00:00,
03.08.2016 00:00,
04.08.2016 00:00,
05.08.2016 00:00,
08.08.2016 00:00,
09.08.2016 00:00,
10.08.2016 00:00,
11.08.2016 00:00,
12.08.2016 00:00,
15.08.2016 00:00,
16.08.2016 00:00,
17.08.2016 00:00,
18.08.2016 00:00,
19.08.2016 00:00,
22.08.2016 00:00,
23.08.2016 00:00,
24.08.2016 00:00,
25.08.2016 00:00,
26.08.2016 00:00,
29.08.2016 00:00,
30.08.2016 00:00,
31.08.2016 00:00,
01.09.2016 00:00,186.9
02.09.2016 00:00,
06.09.2016 00:00,
07.09.2016 00:00,
08.09.2016 00:00,
09.09.2016 00:00,
12.09.2016 00:00,
13.09.2016 00:00,
14.09.2016 00:00,
15.09.2016 00:00,
16.09.2016 00:00,
19.09.2016 00:00,
20.09.2016 00:00,
21.09.2016 00:00,
22.09.2016 00:00,
23.09.2016 00:00,
26.09.2016 00:00,
27.09.2016 00:00,
28.09.2016 00:00,
29.09.2016 00:00,
30.09.2016 00:00,
01.10.2016 00:00,186.7
03.10.2016 00:00,
04.10.2016 00:00,
05.10.2016 00:00,
06.10.2016 00:00,
07.10.2016 00:00,
10.10.2016 00:00,
11.10.2016 00:00,
12.10.2016 00:00,
13.10.2016 00:00,
14.10.2016 00:00,
17.10.2016 00:00,
18.10.2016 00:00,
19.10.2016 00:00,
20.10.2016 00:00,
21.10.2016 00:00,
24.10.2016 00:00,
25.10.2016 00:00,
26.10.2016 00:00,
27.10.2016 00:00,
28.10.2016 00:00,
31.10.2016 00:00,
01.11.2016 00:00,186.3
02.11.2016 00:00,
03.11.2016 00:00,
04.11.2016 00:00,
07.11.2016 00:00,
08.11.2016 00:00,
09.11.2016 00:00,
10.11.2016 00:00,
11.11.2016 00:00,
14.11.2016 00:00,
15.11.2016 00:00,
16.11.2016 00:00,
17.11.2016 00:00,
18.11.2016 00:00,
21.11.2016 00:00,
22.11.2016 00:00,
23.11.2016 00:00,
25.11.2016 00:00,
28.11.2016 00:00,
29.11.2016 00:00,
30.11.2016 00:00,
01.12.2016 00:00,188.2
02.12.2016 00:00,
05.12.2016 00:00,
06.12.2016 00:00,
07.12.2016 00:00,
08.12.2016 00:00,
09.12.2016 00:00,
12.12.2016 00:00,
13.12.2016 00:00,
14.12.2016 00:00,
15.12.2016 00:00,
16.12.2016 00:00,
19.12.2016 00:00,
20.12.2016 00:00,
21.12.2016 00:00,
22.12.2016 00:00,
23.12.2016 00:00,
27.12.2016 00:00,
28.12.2016 00:00,
29.12.2016 00:00,
30.12.2016 00:00,
01.01.2017 00:00,190.7
03.01.2017 00:00,
04.01.2017 00:00,
05.01.2017 00:00,
06.01.2017 00:00,
09.01.2017 00:00,
10.01.2017 00:00,
11.01.2017 00:00,
12.01.2017 00:00,
13.01.2017 00:00,
17.01.2017 00:00,
18.01.2017 00:00,
19.01.2017 00:00,
20.01.2017 00:00,
23.01.2017 00:00,
24.01.2017 00:00,
25.01.2017 00:00,
26.01.2017 00:00,
27.01.2017 00:00,
30.01.2017 00:00,
31.01.2017 00:00,
01.02.2017 00:00,191.6
02.02.2017 00:00,
03.02.2017 00:00,
06.02.2017 00:00,
07.02.2017 00:00,
08.02.2017 00:00,
09.02.2017 00:00,
10.02.2017 00:00,
13.02.2017 00:00,
14.02.2017 00:00,
15.02.2017 00:00,
16.02.2017 00:00,
17.02.2017 00:00,
21.02.2017 00:00,
22.02.2017 00:00,
23.02.2017 00:00,
24.02.2017 00:00,
27.02.2017 00:00,
28.02.2017 00:00,
01.03.2017 00:00,191.5
02.03.2017 00:00,
03.03.2017 00:00,
06.03.2017 00:00,
07.03.2017 00:00,
08.03.2017 00:00,
09.03.2017 00:00,
10.03.2017 00:00,
13.03.2017 00:00,
14.03.2017 00:00,
15.03.2017 00:00,
16.03.2017 00:00,
17.03.2017 00:00,
20.03.2017 00:00,
21.03.2017 00:00,
22.03.2017 00:00,
23.03.2017 00:00,
24.03.2017 00:00,
27.03.2017 00:00,
28.03.2017 00:00,
29.03.2017 00:00,
30.03.2017 00:00,
31.03.2017 00:00,
01.04.2017 00:00,193
03.04.2017 00:00,
04.04.2017 00:00,
05.04.2017 00:00,
06.04.2017 00:00,
07.04.2017 00:00,
10.04.2017 00:00,
11.04.2017 00:00,
12.04.2017 00:00,
13.04.2017 00:00,
17.04.2017 00:00,
18.04.2017 00:00,
19.04.2017 00:00,
20.04.2017 00:00,
21.04.2017 00:00,
24.04.2017 00:00,
25.04.2017 00:00,
26.04.2017 00:00,
27.04.2017 00:00,
28.04.2017 00:00,
01.05.2017 00:00,192.8
02.05.2017 00:00,
03.05.2017 00:00,
04.05.2017 00:00,
05.05.2017 00:00,
08.05.2017 00:00,
09.05.2017 00:00,
10.05.2017 00:00,
11.05.2017 00:00,
12.05.2017 00:00,
15.05.2017 00:00,
16.05.2017 00:00,
17.05.2017 00:00,
18.05.2017 00:00,
19.05.2017 00:00,
22.05.2017 00:00,
23.05.2017 00:00,
24.05.2017 00:00,
25.05.2017 00:00,
26.05.2017 00:00,
30.05.2017 00:00,
31.05.2017 00:00,
01.06.2017 00:00,193.6
02.06.2017 00:00,
05.06.2017 00:00,
06.06.2017 00:00,
07.06.2017 00:00,
08.06.2017 00:00,
09.06.2017 00:00,
12.06.2017 00:00,
13.06.2017 00:00,
14.06.2017 00:00,
15.06.2017 00:00,
16.06.2017 00:00,
19.06.2017 00:00,
20.06.2017 00:00,
21.06.2017 00:00,
22.06.2017 00:00,
23.06.2017 00:00,
26.06.2017 00:00,
27.06.2017 00:00,
28.06.2017 00:00,
29.06.2017 00:00,
30.06.2017 00:00,
01.07.2017 00:00,193.5
03.07.2017 00:00,
05.07.2017 00:00,
06.07.2017 00:00,
07.07.2017 00:00,
10.07.2017 00:00,
11.07.2017 00:00,
12.07.2017 00:00,
13.07.2017 00:00,
14.07.2017 00:00,
17.07.2017 00:00,
18.07.2017 00:00,
19.07.2017 00:00,
20.07.2017 00:00,
21.07.2017 00:00,
24.07.2017 00:00,
25.07.2017 00:00,
26.07.2017 00:00,
27.07.2017 00:00,
28.07.2017 00:00,
31.07.2017 00:00,
01.08.2017 00:00,193.8
02.08.2017 00:00,
03.08.2017 00:00,
04.08.2017 00:00,
07.08.2017 00:00,
08.08.2017 00:00,
09.08.2017 00:00,
10.08.2017 00:00,
11.08.2017 00:00,
14.08.2017 00:00,
15.08.2017 00:00,
16.08.2017 00:00,
17.08.2017 00:00,
18.08.2017 00:00,
21.08.2017 00:00,
22.08.2017 00:00,
23.08.2017 00:00,
24.08.2017 00:00,
25.08.2017 00:00,
28.08.2017 00:00,
29.08.2017 00:00,
30.08.2017 00:00,
31.08.2017 00:00,
01.09.2017 00:00,194.8
05.09.2017 00:00,
06.09.2017 00:00,
07.09.2017 00:00,
08.09.2017 00:00,
11.09.2017 00:00,
12.09.2017 00:00,
13.09.2017 00:00,
14.09.2017 00:00,
15.09.2017 00:00,
18.09.2017 00:00,
19.09.2017 00:00,
20.09.2017 00:00,
21.09.2017 00:00,
22.09.2017 00:00,
25.09.2017 00:00,
26.09.2017 00:00,
27.09.2017 00:00,
28.09.2017 00:00,
29.09.2017 00:00,
01.10.2017 00:00,194.9
02.10.2017 00:00,
03.10.2017 00:00,
04.10.2017 00:00,
05.10.2017 00:00,
06.10.2017 00:00,
09.10.2017 00:00,
10.10.2017 00:00,
11.10.2017 00:00,
12.10.2017 00:00,
13.10.2017 00:00,
16.10.2017 00:00,
17.10.2017 00:00,
18.10.2017 00:00,
19.10.2017 00:00,
20.10.2017 00:00,
23.10.2017 00:00,
24.10.2017 00:00,
25.10.2017 00:00,
26.10.2017 00:00,
27.10.2017 00:00,
30.10.2017 00:00,
31.10.2017 00:00,
01.11.2017 00:00,195.9
02.11.2017 00:00,
03.11.2017 00:00,
06.11.2017 00:00,
07.11.2017 00:00,
08.11.2017 00:00,
09.11.2017 00:00,
10.11.2017 00:00,
13.11.2017 00:00,
14.11.2017 00:00,
15.11.2017 00:00,
16.11.2017 00:00,
17.11.2017 00:00,
20.11.2017 00:00,
21.11.2017 00:00,
22.11.2017 00:00,
24.11.2017 00:00,
27.11.2017 00:00,
28.11.2017 00:00,
29.11.2017 00:00,
30.11.2017 00:00,
01.12.2017 00:00,196.3
04.12.2017 00:00,
05.12.2017 00:00,
06.12.2017 00:00,
07.12.2017 00:00,
08.12.2017 00:00,
11.12.2017 00:00,
12.12.2017 00:00,
13.12.2017 00:00,
14.12.2017 00:00,
15.12.2017 00:00,
18.12.2017 00:00,
19.12.2017 00:00,
20.12.2017 00:00,
21.12.2017 00:00,
22.12.2017 00:00,
26.12.2017 00:00,
27.12.2017 00:00,
28.12.2017 00:00,
29.12.2017 00:00,
01.01.2018 00:00,197.9
02.01.2018 00:00,
03.01.2018 00:00,
04.01.2018 00:00,
05.01.2018 00:00,
08.01.2018 00:00,
09.01.2018 00:00,
10.01.2018 00:00,
11.01.2018 00:00,
12.01.2018 00:00,
16.01.2018 00:00,
17.01.2018 00:00,
18.01.2018 00:00,
19.01.2018 00:00,
22.01.2018 00:00,
23.01.2018 00:00,
24.01.2018 00:00,
25.01.2018 00:00,
26.01.2018 00:00,
29.01.2018 00:00,
30.01.2018 00:00,
31.01.2018 00:00,
01.02.2018 00:00,199.3
02.02.2018 00:00,
05.02.2018 00:00,
06.02.2018 00:00,
07.02.2018 00:00,
08.02.2018 00:00,
09.02.2018 00:00,
12.02.2018 00:00,
13.02.2018 00:00,
14.02.2018 00:00,
15.02.2018 00:00,
16.02.2018 00:00,
20.02.2018 00:00,
21.02.2018 00:00,
22.02.2018 00:00,
23.02.2018 00:00,
26.02.2018 00:00,
27.02.2018 00:00,
28.02.2018 00:00,
01.03.2018 00:00,199.3
02.03.2018 00:00,
05.03.2018 00:00,
06.03.2018 00:00,
07.03.2018 00:00,
08.03.2018 00:00,
09.03.2018 00:00,
12.03.2018 00:00,
13.03.2018 00:00,
14.03.2018 00:00,
15.03.2018 00:00,
16.03.2018 00:00,
19.03.2018 00:00,
20.03.2018 00:00,
21.03.2018 00:00,
22.03.2018 00:00,
23.03.2018 00:00,
26.03.2018 00:00,
27.03.2018 00:00,
28.03.2018 00:00,
29.03.2018 00:00,
01.04.2018 00:00,200.3
02.04.2018 00:00,
03.04.2018 00:00,
04.04.2018 00:00,
05.04.2018 00:00,
06.04.2018 00:00,
09.04.2018 00:00,
10.04.2018 00:00,
11.04.2018 00:00,
12.04.2018 00:00,
13.04.2018 00:00,
16.04.2018 00:00,
17.04.2018 00:00,
18.04.2018 00:00,
19.04.2018 00:00,
20.04.2018 00:00,
23.04.2018 00:00,
24.04.2018 00:00,
25.04.2018 00:00,
26.04.2018 00:00,
27.04.2018 00:00,
30.04.2018 00:00,
01.05.2018 00:00,203.2
02.05.2018 00:00,
03.05.2018 00:00,
04.05.2018 00:00,
07.05.2018 00:00,
08.05.2018 00:00,
09.05.2018 00:00,
10.05.2018 00:00,
11.05.2018 00:00,
14.05.2018 00:00,
15.05.2018 00:00,
16.05.2018 00:00,
17.05.2018 00:00,
18.05.2018 00:00,
21.05.2018 00:00,
22.05.2018 00:00,
23.05.2018 00:00,
24.05.2018 00:00,
25.05.2018 00:00,
29.05.2018 00:00,
30.05.2018 00:00,
31.05.2018 00:00,
01.06.2018 00:00,204.2
04.06.2018 00:00,
05.06.2018 00:00,
06.06.2018 00:00,
07.06.2018 00:00,
08.06.2018 00:00,
11.06.2018 00:00,
12.06.2018 00:00,
13.06.2018 00:00,
14.06.2018 00:00,
15.06.2018 00:00,
18.06.2018 00:00,
19.06.2018 00:00,
20.06.2018 00:00,
21.06.2018 00:00,
22.06.2018 00:00,
25.06.2018 00:00,
26.06.2018 00:00,
27.06.2018 00:00,
28.06.2018 00:00,
29.06.2018 00:00,
01.07.2018 00:00,204.3
02.07.2018 00:00,
03.07.2018 00:00,
05.07.2018 00:00,
06.07.2018 00:00,
09.07.2018 00:00,
10.07.2018 00:00,
11.07.2018 00:00,
12.07.2018 00:00,
13.07.2018 00:00,
16.07.2018 00:00,
17.07.2018 00:00,
18.07.2018 00:00,
19.07.2018 00:00,
20.07.2018 00:00,
23.07.2018 00:00,
24.07.2018 00:00,
25.07.2018 00:00,
26.07.2018 00:00,
27.07.2018 00:00,
30.07.2018 00:00,
31.07.2018 00:00,
01.08.2018 00:00,203.4
02.08.2018 00:00,
03.08.2018 00:00,
06.08.2018 00:00,
07.08.2018 00:00,
08.08.2018 00:00,
09.08.2018 00:00,
10.08.2018 00:00,
13.08.2018 00:00,
14.08.2018 00:00,
15.08.2018 00:00,
16.08.2018 00:00,
17.08.2018 00:00,
20.08.2018 00:00,
21.08.2018 00:00,
22.08.2018 00:00,
23.08.2018 00:00,
24.08.2018 00:00,
27.08.2018 00:00,
28.08.2018 00:00,
29.08.2018 00:00,
30.08.2018 00:00,
31.08.2018 00:00,
01.09.2018 00:00,203.6
04.09.2018 00:00,
05.09.2018 00:00,
06.09.2018 00:00,
07.09.2018 00:00,
10.09.2018 00:00,
11.09.2018 00:00,
12.09.2018 00:00,
13.09.2018 00:00,
14.09.2018 00:00,
17.09.2018 00:00,
18.09.2018 00:00,
19.09.2018 00:00,
20.09.2018 00:00,
21.09.2018 00:00,
24.09.2018 00:00,
25.09.2018 00:00,
26.09.2018 00:00,
27.09.2018 00:00,
28.09.2018 00:00,
01.10.2018 00:00,204.6
02.10.2018 00:00,
03.10.2018 00:00,
04.10.2018 00:00,
05.10.2018 00:00,
08.10.2018 00:00,
09.10.2018 00:00,
10.10.2018 00:00,
11.10.2018 00:00,
12.10.2018 00:00,
15.10.2018 00:00,
16.10.2018 00:00,
17.10.2018 00:00,
18.10.2018 00:00,
19.10.2018 00:00,
22.10.2018 00:00,
23.10.2018 00:00,
24.10.2018 00:00,
25.10.2018 00:00,
26.10.2018 00:00,
29.10.2018 00:00,
30.10.2018 00:00,
31.10.2018 00:00,
01.11.2018 00:00,202.3
02.11.2018 00:00,
05.11.2018 00:00,
06.11.2018 00:00,
07.11.2018 00:00,
08.11.2018 00:00,
09.11.2018 00:00,
12.11.2018 00:00,
13.11.2018 00:00,
14.11.2018 00:00,
15.11.2018 00:00,
16.11.2018 00:00,
19.11.2018 00:00,
20.11.2018 00:00,
21.11.2018 00:00,
23.11.2018 00:00,
26.11.2018 00:00,
27.11.2018 00:00,
28.11.2018 00:00,
29.11.2018 00:00,
30.11.2018 00:00,
01.12.2018 00:00,201
03.12.2018 00:00,
04.12.2018 00:00,
06.12.2018 00:00,
07.12.2018 00:00,
10.12.2018 00:00,
11.12.2018 00:00,
12.12.2018 00:00,
13.12.2018 00:00,
14.12.2018 00:00,
17.12.2018 00:00,
18.12.2018 00:00,
19.12.2018 00:00,
20.12.2018 00:00,
21.12.2018 00:00,
24.12.2018 00:00,
26.12.2018 00:00,
27.12.2018 00:00,
28.12.2018 00:00,
31.12.2018 00:00,
01.01.2019 00:00,199.1
02.01.2019 00:00,
03.01.2019 00:00,
04.01.2019 00:00,
07.01.2019 00:00,
08.01.2019 00:00,
09.01.2019 00:00,
10.01.2019 00:00,
11.01.2019 00:00,
14.01.2019 00:00,
15.01.2019 00:00,
16.01.2019 00:00,
17.01.2019 00:00,
18.01.2019 00:00,
22.01.2019 00:00,
23.01.2019 00:00,
24.01.2019 00:00,
25.01.2019 00:00,
28.01.2019 00:00,
29.01.2019 00:00,
30.01.2019 00:00,
31.01.2019 00:00,
01.02.2019 00:00,199.2
04.02.2019 00:00,
05.02.2019 00:00,
06.02.2019 00:00,
07.02.2019 00:00,
08.02.2019 00:00,
11.02.2019 00:00,
12.02.2019 00:00,
13.02.2019 00:00,
14.02.2019 00:00,
15.02.2019 00:00,
19.02.2019 00:00,
20.02.2019 00:00,
21.02.2019 00:00,
22.02.2019 00:00,
25.02.2019 00:00,
26.02.2019 00:00,
27.02.2019 00:00,
28.02.2019 00:00,
01.03.2019 00:00,200.8
04.03.2019 00:00,
05.03.2019 00:00,
06.03.2019 00:00,
07.03.2019 00:00,
08.03.2019 00:00,
11.03.2019 00:00,
12.03.2019 00:00,
13.03.2019 00:00,
14.03.2019 00:00,
15.03.2019 00:00,
18.03.2019 00:00,
19.03.2019 00:00,
20.03.2019 00:00,
21.03.2019 00:00,
22.03.2019 00:00,
25.03.2019 00:00,
26.03.2019 00:00,
27.03.2019 00:00,
28.03.2019 00:00,
29.03.2019 00:00,
01.04.2019 00:00,202.1
02.04.2019 00:00,
03.04.2019 00:00,
04.04.2019 00:00,
05.04.2019 00:00,
08.04.2019 00:00,
09.04.2019 00:00,
10.04.2019 00:00,
11.04.2019 00:00,
12.04.2019 00:00,
15.04.2019 00:00,
16.04.2019 00:00,
17.04.2019 00:00,
18.04.2019 00:00,
22.04.2019 00:00,
23.04.2019 00:00,
24.04.2019 00:00,
25.04.2019 00:00,
26.04.2019 00:00,
29.04.2019 00:00,
30.04.2019 00:00,
01.05.2019 00:00,201.7
02.05.2019 00:00,
03.05.2019 00:00,
06.05.2019 00:00,
07.05.2019 00:00,
08.05.2019 00:00,
09.05.2019 00:00,
10.05.2019 00:00,
13.05.2019 00:00,
14.05.2019 00:00,
15.05.2019 00:00,
16.05.2019 00:00,
17.05.2019 00:00,
20.05.2019 00:00,
21.05.2019 00:00,
22.05.2019 00:00,
23.05.2019 00:00,
24.05.2019 00:00,
28.05.2019 00:00,
29.05.2019 00:00,
30.05.2019 00:00,
31.05.2019 00:00,
01.06.2019 00:00,200.3
03.06.2019 00:00,
04.06.2019 00:00,
05.06.2019 00:00,
06.06.2019 00:00,
07.06.2019 00:00,
10.06.2019 00:00,
11.06.2019 00:00,
12.06.2019 00:00,
13.06.2019 00:00,
14.06.2019 00:00,
17.06.2019 00:00,
18.06.2019 00:00,
19.06.2019 00:00,
20.06.2019 00:00,
21.06.2019 00:00,
24.06.2019 00:00,
25.06.2019 00:00,
26.06.2019 00:00,
27.06.2019 00:00,
28.06.2019 00:00,
01.07.2019 00:00,200.7
02.07.2019 00:00,
03.07.2019 00:00,
05.07.2019 00:00,
08.07.2019 00:00,
09.07.2019 00:00,
10.07.2019 00:00,
11.07.2019 00:00,
12.07.2019 00:00,
15.07.2019 00:00,
16.07.2019 00:00,
17.07.2019 00:00,
18.07.2019 00:00,
19.07.2019 00:00,
22.07.2019 00:00,
23.07.2019 00:00,
24.07.2019 00:00,
25.07.2019 00:00,
26.07.2019 00:00,
29.07.2019 00:00,
30.07.2019 00:00,
31.07.2019 00:00,
01.08.2019 00:00,199.2
02.08.2019 00:00,
05.08.2019 00:00,
06.08.2019 00:00,
07.08.2019 00:00,
08.08.2019 00:00,
09.08.2019 00:00,
12.08.2019 00:00,
13.08.2019 00:00,
14.08.2019 00:00,
15.08.2019 00:00,
16.08.2019 00:00,
19.08.2019 00:00,
20.08.2019 00:00,
21.08.2019 00:00,
22.08.2019 00:00,
23.08.2019 00:00,
26.08.2019 00:00,
27.08.2019 00:00,
28.08.2019 00:00,
29.08.2019 00:00,
30.08.2019 00:00,
01.09.2019 00:00,198.4
03.09.2019 00:00,
04.09.2019 00:00,
05.09.2019 00:00,
06.09.2019 00:00,
09.09.2019 00:00,
10.09.2019 00:00,
11.09.2019 00:00,
12.09.2019 00:00,
13.09.2019 00:00,
16.09.2019 00:00,
17.09.2019 00:00,
18.09.2019 00:00,
19.09.2019 00:00,
20.09.2019 00:00,
23.09.2019 00:00,
24.09.2019 00:00,
25.09.2019 00:00,
26.09.2019 00:00,
27.09.2019 00:00,
30.09.2019 00:00,
01.10.2019 00:00,198.6
02.10.2019 00:00,
03.10.2019 00:00,
04.10.2019 00:00,
07.10.2019 00:00,
08.10.2019 00:00,
09.10.2019 00:00,
10.10.2019 00:00,
11.10.2019 00:00,
14.10.2019 00:00,
15.10.2019 00:00,
16.10.2019 00:00,
17.10.2019 00:00,
18.10.2019 00:00,
21.10.2019 00:00,
22.10.2019 00:00,
23.10.2019 00:00,
24.10.2019 00:00,
25.10.2019 00:00,
28.10.2019 00:00,
29.10.2019 00:00,
30.10.2019 00:00,
31.10.2019 00:00,
01.11.2019 00:00,199
04.11.2019 00:00,
05.11.2019 00:00,
06.11.2019 00:00,
07.11.2019 00:00,
08.11.2019 00:00,
11.11.2019 00:00,
12.11.2019 00:00,
13.11.2019 00:00,
14.11.2019 00:00,
15.11.2019 00:00,
18.11.2019 00:00,
19.11.2019 00:00,
20.11.2019 00:00,
21.11.2019 00:00,
22.11.2019 00:00,
25.11.2019 00:00,
26.11.2019 00:00,
27.11.2019 00:00,
29.11.2019 00:00,
01.12.2019 00:00,199
02.12.2019 00:00,
03.12.2019 00:00,
04.12.2019 00:00,
05.12.2019 00:00,
06.12.2019 00:00,
09.12.2019 00:00,
10.12.2019 00:00,
11.12.2019 00:00,
12.12.2019 00:00,
13.12.2019 00:00,
16.12.2019 00:00,
17.12.2019 00:00,
18.12.2019 00:00,
19.12.2019 00:00,
20.12.2019 00:00,
23.12.2019 00:00,
24.12.2019 00:00,
26.12.2019 00:00,
27.12.2019 00:00,
30.12.2019 00:00,
31.12.2019 00:00,
01.01.2020 00:00,199.3
02.01.2020 00:00,
03.01.2020 00:00,
06.01.2020 00:00,
07.01.2020 00:00,
08.01.2020 00:00,
09.01.2020 00:00,
10.01.2020 00:00,
13.01.2020 00:00,
14.01.2020 00:00,
15.01.2020 00:00,
16.01.2020 00:00,
17.01.2020 00:00,
21.01.2020 00:00,
22.01.2020 00:00,
23.01.2020 00:00,
24.01.2020 00:00,
27.01.2020 00:00,
28.01.2020 00:00,
29.01.2020 00:00,
30.01.2020 00:00,
31.01.2020 00:00,
01.02.2020 00:00,196.7
03.02.2020 00:00,
04.02.2020 00:00,
05.02.2020 00:00,
06.02.2020 00:00,
07.02.2020 00:00,
10.02.2020 00:00,
11.02.2020 00:00,
12.02.2020 00:00,
13.02.2020 00:00,
14.02.2020 00:00,
18.02.2020 00:00,
19.02.2020 00:00,
20.02.2020 00:00,
21.02.2020 00:00,
24.02.2020 00:00,
25.02.2020 00:00,
26.02.2020 00:00,
27.02.2020 00:00,
28.02.2020 00:00,
01.03.2020 00:00,193.1
02.03.2020 00:00,
03.03.2020 00:00,
04.03.2020 00:00,
05.03.2020 00:00,
06.03.2020 00:00,
09.03.2020 00:00,
10.03.2020 00:00,
11.03.2020 00:00,
12.03.2020 00:00,
13.03.2020 00:00,
16.03.2020 00:00,
17.03.2020 00:00,
18.03.2020 00:00,
19.03.2020 00:00,
20.03.2020 00:00,
23.03.2020 00:00,
24.03.2020 00:00,
25.03.2020 00:00,
26.03.2020 00:00,
27.03.2020 00:00,
30.03.2020 00:00,
31.03.2020 00:00,
01.04.2020 00:00,185.5
02.04.2020 00:00,
03.04.2020 00:00,
06.04.2020 00:00,
07.04.2020 00:00,
08.04.2020 00:00,
09.04.2020 00:00,
13.04.2020 00:00,
14.04.2020 00:00,
15.04.2020 00:00,
16.04.2020 00:00,
17.04.2020 00:00,
20.04.2020 00:00,
21.04.2020 00:00,
22.04.2020 00:00,
23.04.2020 00:00,
24.04.2020 00:00,
27.04.2020 00:00,
28.04.2020 00:00,
29.04.2020 00:00,
30.04.2020 00:00,
01.05.2020 00:00,188.6
04.05.2020 00:00,
05.05.2020 00:00,
06.05.2020 00:00,
07.05.2020 00:00,
08.05.2020 00:00,
11.05.2020 00:00,
12.05.2020 00:00,
13.05.2020 00:00,
14.05.2020 00:00,
15.05.2020 00:00,
18.05.2020 00:00,
19.05.2020 00:00,
20.05.2020 00:00,
21.05.2020 00:00,
22.05.2020 00:00,
26.05.2020 00:00,
27.05.2020 00:00,
28.05.2020 00:00,
29.05.2020 00:00,
01.06.2020 00:00,191.2
02.06.2020 00:00,
03.06.2020 00:00,
04.06.2020 00:00,
05.06.2020 00:00,
08.06.2020 00:00,
09.06.2020 00:00,
10.06.2020 00:00,
11.06.2020 00:00,
12.06.2020 00:00,
15.06.2020 00:00,
16.06.2020 00:00,
17.06.2020 00:00,
18.06.2020 00:00,
19.06.2020 00:00,
22.06.2020 00:00,
23.06.2020 00:00,
24.06.2020 00:00,
25.06.2020 00:00,
26.06.2020 00:00,
29.06.2020 00:00,
30.06.2020 00:00,
01.07.2020 00:00,193
02.07.2020 00:00,
06.07.2020 00:00,
07.07.2020 00:00,
08.07.2020 00:00,
09.07.2020 00:00,
10.07.2020 00:00,
13.07.2020 00:00,
14.07.2020 00:00,
15.07.2020 00:00,
16.07.2020 00:00,
17.07.2020 00:00,
20.07.2020 00:00,
21.07.2020 00:00,
22.07.2020 00:00,
23.07.2020 00:00,
24.07.2020 00:00,
27.07.2020 00:00,
28.07.2020 00:00,
29.07.2020 00:00,
30.07.2020 00:00,
31.07.2020 00:00,
01.08.2020 00:00,194.3
03.08.2020 00:00,
04.08.2020 00:00,
05.08.2020 00:00,
06.08.2020 00:00,
07.08.2020 00:00,
10.08.2020 00:00,
11.08.2020 00:00,
12.08.2020 00:00,
13.08.2020 00:00,
14.08.2020 00:00,
17.08.2020 00:00,
18.08.2020 00:00,
19.08.2020 00:00,
20.08.2020 00:00,
21.08.2020 00:00,
24.08.2020 00:00,
25.08.2020 00:00,
26.08.2020 00:00,
27.08.2020 00:00,
28.08.2020 00:00,
31.08.2020 00:00,
01.09.2020 00:00,195.5
02.09.2020 00:00,
03.09.2020 00:00,
04.09.2020 00:00,
08.09.2020 00:00,
09.09.2020 00:00,
10.09.2020 00:00,
11.09.2020 00:00,
14.09.2020 00:00,
15.09.2020 00:00,
16.09.2020 00:00,
17.09.2020 00:00,
18.09.2020 00:00,
21.09.2020 00:00,
22.09.2020 00:00,
23.09.2020 00:00,
24.09.2020 00:00,
25.09.2020 00:00,
28.09.2020 00:00,
29.09.2020 00:00,
30.09.2020 00:00,
01.10.2020 00:00,196.5
02.10.2020 00:00,
05.10.2020 00:00,
06.10.2020 00:00,
07.10.2020 00:00,
08.10.2020 00:00,
09.10.2020 00:00,
12.10.2020 00:00,
13.10.2020 00:00,
14.10.2020 00:00,
15.10.2020 00:00,
16.10.2020 00:00,
19.10.2020 00:00,
20.10.2020 00:00,
21.10.2020 00:00,
22.10.2020 00:00,
23.10.2020 00:00,
26.10.2020 00:00,
27.10.2020 00:00,
28.10.2020 00:00,
29.10.2020 00:00,
30.10.2020 00:00,
01.11.2020 00:00,198.3
02.11.2020 00:00,
03.11.2020 00:00,
04.11.2020 00:00,
05.11.2020 00:00,
06.11.2020 00:00,
09.11.2020 00:00,
10.11.2020 00:00,
11.11.2020 00:00,
12.11.2020 00:00,
13.11.2020 00:00,
16.11.2020 00:00,
17.11.2020 00:00,
18.11.2020 00:00,
19.11.2020 00:00,
20.11.2020 00:00,
23.11.2020 00:00,
24.11.2020 00:00,
25.11.2020 00:00,
27.11.2020 00:00,
30.11.2020 00:00,
01.12.2020 00:00,200.5
02.12.2020 00:00,
03.12.2020 00:00,
04.12.2020 00:00,
07.12.2020 00:00,
08.12.2020 00:00,
09.12.2020 00:00,
10.12.2020 00:00,
11.12.2020 00:00,
14.12.2020 00:00,
15.12.2020 00:00,
16.12.2020 00:00,
17.12.2020 00:00,
18.12.2020 00:00,
21.12.2020 00:00,
22.12.2020 00:00,
23.12.2020 00:00,
24.12.2020 00:00,
28.12.2020 00:00,
29.12.2020 00:00,
30.12.2020 00:00,
31.12.2020 00:00,
01.01.2021 00:00,204.8
04.01.2021 00:00,
05.01.2021 00:00,
06.01.2021 00:00,
07.01.2021 00:00,
08.01.2021 00:00,
11.01.2021 00:00,
12.01.2021 00:00,
13.01.2021 00:00,
14.01.2021 00:00,
15.01.2021 00:00,
19.01.2021 00:00,
20.01.2021 00:00,
21.01.2021 00:00,
22.01.2021 00:00,
25.01.2021 00:00,
26.01.2021 00:00,
27.01.2021 00:00,
28.01.2021 00:00,
29.01.2021 00:00,
01.02.2021 00:00,210.6
02.02.2021 00:00,
03.02.2021 00:00,
04.02.2021 00:00,
05.02.2021 00:00,
08.02.2021 00:00,
09.02.2021 00:00,
10.02.2021 00:00,
11.02.2021 00:00,
12.02.2021 00:00,
16.02.2021 00:00,
17.02.2021 00:00,
18.02.2021 00:00,
19.02.2021 00:00,
22.02.2021 00:00,
23.02.2021 00:00,
24.02.2021 00:00,
25.02.2021 00:00,
26.02.2021 00:00,
01.03.2021 00:00,215
02.03.2021 00:00,
03.03.2021 00:00,
04.03.2021 00:00,
05.03.2021 00:00,
08.03.2021 00:00,
09.03.2021 00:00,
10.03.2021 00:00,
11.03.2021 00:00,
12.03.2021 00:00,
15.03.2021 00:00,
16.03.2021 00:00,
17.03.2021 00:00,
18.03.2021 00:00,
19.03.2021 00:00,
22.03.2021 00:00,
23.03.2021 00:00,
24.03.2021 00:00,
25.03.2021 00:00,
26.03.2021 00:00,
29.03.2021 00:00,
30.03.2021 00:00,
31.03.2021 00:00,
01.04.2021 00:00,217.9
05.04.2021 00:00,
06.04.2021 00:00,
07.04.2021 00:00,
08.04.2021 00:00,
09.04.2021 00:00,
12.04.2021 00:00,
13.04.2021 00:00,
14.04.2021 00:00,
15.04.2021 00:00,
16.04.2021 00:00,
19.04.2021 00:00,
20.04.2021 00:00,
21.04.2021 00:00,
22.04.2021 00:00,
23.04.2021 00:00,
26.04.2021 00:00,
27.04.2021 00:00,
28.04.2021 00:00,
29.04.2021 00:00,
30.04.2021 00:00,
01.05.2021 00:00,224.9
03.05.2021 00:00,
04.05.2021 00:00,
05.05.2021 00:00,
06.05.2021 00:00,
07.05.2021 00:00,
10.05.2021 00:00,
11.05.2021 00:00,
12.05.2021 00:00,
13.05.2021 00:00,
14.05.2021 00:00,
17.05.2021 00:00,
18.05.2021 00:00,
19.05.2021 00:00,
20.05.2021 00:00,
21.05.2021 00:00,
24.05.2021 00:00,
25.05.2021 00:00,
26.05.2021 00:00,
27.05.2021 00:00,
28.05.2021 00:00,
01.06.2021 00:00,228.9
02.06.2021 00:00,
03.06.2021 00:00,
04.06.2021 00:00,
07.06.2021 00:00,
08.06.2021 00:00,
09.06.2021 00:00,
10.06.2021 00:00,
11.06.2021 00:00,
14.06.2021 00:00,
15.06.2021 00:00,
16.06.2021 00:00,
17.06.2021 00:00,
18.06.2021 00:00,
21.06.2021 00:00,
22.06.2021 00:00,
23.06.2021 00:00,
24.06.2021 00:00,
25.06.2021 00:00,
28.06.2021 00:00,
29.06.2021 00:00,
30.06.2021 00:00,
01.07.2021 00:00,231.85
02.07.2021 00:00,
06.07.2021 00:00,
07.07.2021 00:00,
08.07.2021 00:00,
09.07.2021 00:00,
12.07.2021 00:00,
13.07.2021 00:00,
14.07.2021 00:00,
15.07.2021 00:00,
16.07.2021 00:00,
19.07.2021 00:00,
20.07.2021 00:00,
21.07.2021 00:00,
22.07.2021 00:00,
23.07.2021 00:00,
26.07.2021 00:00,
27.07.2021 00:00,
28.07.2021 00:00,
29.07.2021 00:00,
30.07.2021 00:00,
01.08.2021 00:00,233.415
02.08.2021 00:00,
03.08.2021 00:00,
04.08.2021 00:00,
05.08.2021 00:00,
06.08.2021 00:00,
09.08.2021 00:00,
10.08.2021 00:00,
11.08.2021 00:00,
12.08.2021 00:00,
13.08.2021 00:00,
16.08.2021 00:00,
17.08.2021 00:00,
18.08.2021 00:00,
19.08.2021 00:00,
20.08.2021 00:00,
23.08.2021 00:00,
24.08.2021 00:00,
25.08.2021 00:00,
26.08.2021 00:00,
27.08.2021 00:00,
30.08.2021 00:00,
31.08.2021 00:00,
01.09.2021 00:00,235.678
02.09.2021 00:00,
03.09.2021 00:00,
07.09.2021 00:00,
08.09.2021 00:00,
09.09.2021 00:00,
10.09.2021 00:00,
13.09.2021 00:00,
14.09.2021 00:00,
15.09.2021 00:00,
16.09.2021 00:00,
17.09.2021 00:00,
20.09.2021 00:00,
21.09.2021 00:00,
22.09.2021 00:00,
23.09.2021 00:00,
24.09.2021 00:00,
27.09.2021 00:00,
28.09.2021 00:00,
29.09.2021 00:00,
30.09.2021 00:00,
01.10.2021 00:00,240.465
04.10.2021 00:00,
05.10.2021 00:00,
06.10.2021 00:00,
07.10.2021 00:00,
08.10.2021 00:00,
11.10.2021 00:00,
12.10.2021 00:00,
13.10.2021 00:00,
14.10.2021 00:00,
15.10.2021 00:00,
18.10.2021 00:00,
19.10.2021 00:00,
20.10.2021 00:00,
21.10.2021 00:00,
22.10.2021 00:00,
25.10.2021 00:00,
26.10.2021 00:00,
27.10.2021 00:00,
28.10.2021 00:00,
29.10.2021 00:00,
01.11.2021 00:00,243.287
02.11.2021 00:00,
03.11.2021 00:00,
04.11.2021 00:00,
05.11.2021 00:00,
08.11.2021 00:00,
09.11.2021 00:00,
10.11.2021 00:00,
11.11.2021 00:00,
12.11.2021 00:00,
15.11.2021 00:00,
16.11.2021 00:00,
17.11.2021 00:00,
18.11.2021 00:00,
19.11.2021 00:00,
22.11.2021 00:00,
23.11.2021 00:00,
24.11.2021 00:00,
26.11.2021 00:00,
29.11.2021 00:00,
30.11.2021 00:00,
01.12.2021 00:00,241.338
02.12.2021 00:00,
03.12.2021 00:00,
06.12.2021 00:00,
07.12.2021 00:00,
08.12.2021 00:00,
09.12.2021 00:00,
10.12.2021 00:00,
13.12.2021 00:00,
14.12.2021 00:00,
15.12.2021 00:00,
16.12.2021 00:00,
17.12.2021 00:00,
20.12.2021 00:00,
21.12.2021 00:00,
22.12.2021 00:00,
23.12.2021 00:00,
27.12.2021 00:00,
28.12.2021 00:00,
29.12.2021 00:00,
30.12.2021 00:00,
31.12.2021 00:00,
01.01.2022 00:00,246.453
03.01.2022 00:00,
04.01.2022 00:00,
05.01.2022 00:00,
06.01.2022 00:00,
07.01.2022 00:00,
10.01.2022 00:00,
11.01.2022 00:00,
12.01.2022 00:00,
13.01.2022 00:00,
14.01.2022 00:00,
18.01.2022 00:00,
19.01.2022 00:00,
20.01.2022 00:00,
21.01.2022 00:00,
24.01.2022 00:00,
25.01.2022 00:00,
26.01.2022 00:00,
27.01.2022 00:00,
28.01.2022 00:00,
31.01.2022 00:00,
01.02.2022 00:00,252.66
02.02.2022 00:00,
03.02.2022 00:00,
04.02.2022 00:00,
07.02.2022 00:00,
08.02.2022 00:00,
09.02.2022 00:00,
10.02.2022 00:00,
11.02.2022 00:00,
14.02.2022 00:00,
15.02.2022 00:00,
16.02.2022 00:00,
17.02.2022 00:00,
18.02.2022 00:00,
22.02.2022 00:00,
23.02.2022 00:00,
24.02.2022 00:00,
25.02.2022 00:00,
28.02.2022 00:00,
01.03.2022 00:00,260.014
02.03.2022 00:00,
03.03.2022 00:00,
04.03.2022 00:00,
07.03.2022 00:00,
08.03.2022 00:00,
09.03.2022 00:00,
10.03.2022 00:00,
11.03.2022 00:00,
14.03.2022 00:00,
15.03.2022 00:00,
16.03.2022 00:00,
17.03.2022 00:00,
18.03.2022 00:00,
21.03.2022 00:00,
22.03.2022 00:00,
23.03.2022 00:00,
24.03.2022 00:00,
25.03.2022 00:00,
28.03.2022 00:00,
29.03.2022 00:00,
30.03.2022 00:00,
31.03.2022 00:00,
01.04.2022 00:00,265.31
04.04.2022 00:00,
05.04.2022 00:00,
06.04.2022 00:00,
07.04.2022 00:00,
08.04.2022 00:00,
11.04.2022 00:00,
12.04.2022 00:00,
13.04.2022 00:00,
14.04.2022 00:00,
18.04.2022 00:00,
19.04.2022 00:00,
20.04.2022 00:00,
21.04.2022 00:00,
22.04.2022 00:00,
25.04.2022 00:00,
26.04.2022 00:00,
27.04.2022 00:00,
28.04.2022 00:00,
29.04.2022 00:00,
01.05.2022 00:00,273.251
02.05.2022 00:00,
03.05.2022 00:00,
04.05.2022 00:00,
05.05.2022 00:00,
06.05.2022 00:00,
09.05.2022 00:00,
10.05.2022 00:00,
11.05.2022 00:00,
12.05.2022 00:00,
13.05.2022 00:00,
16.05.2022 00:00,
17.05.2022 00:00,
18.05.2022 00:00,
19.05.2022 00:00,
20.05.2022 00:00,
23.05.2022 00:00,
24.05.2022 00:00,
25.05.2022 00:00,
26.05.2022 00:00,
27.05.2022 00:00,
31.05.2022 00:00,
01.06.2022 00:00,280.251
02.06.2022 00:00,
03.06.2022 00:00,
06.06.2022 00:00,
07.06.2022 00:00,
08.06.2022 00:00,
09.06.2022 00:00,
10.06.2022 00:00,
13.06.2022 00:00,
14.06.2022 00:00,
15.06.2022 00:00,
16.06.2022 00:00,
17.06.2022 00:00,
21.06.2022 00:00,
22.06.2022 00:00,
23.06.2022 00:00,
24.06.2022 00:00,
27.06.2022 00:00,
28.06.2022 00:00,
29.06.2022 00:00,
30.06.2022 00:00,
01.07.2022 00:00,272.274
05.07.2022 00:00,
06.07.2022 00:00,
07.07.2022 00:00,
08.07.2022 00:00,
11.07.2022 00:00,
12.07.2022 00:00,
13.07.2022 00:00,
14.07.2022 00:00,
15.07.2022 00:00,
18.07.2022 00:00,
19.07.2022 00:00,
20.07.2022 00:00,
21.07.2022 00:00,
22.07.2022 00:00,
25.07.2022 00:00,
26.07.2022 00:00,
27.07.2022 00:00,
28.07.2022 00:00,
29.07.2022 00:00,
01.08.2022 00:00,269.546
02.08.2022 00:00,
03.08.2022 00:00,
04.08.2022 00:00,
05.08.2022 00:00,
08.08.2022 00:00,
09.08.2022 00:00,
10.08.2022 00:00,
11.08.2022 00:00,
12.08.2022 00:00,
15.08.2022 00:00,
16.08.2022 00:00,
17.08.2022 00:00,
18.08.2022 00:00,
19.08.2022 00:00,
22.08.2022 00:00,
23.08.2022 00:00,
24.08.2022 00:00,
25.08.2022 00:00,
26.08.2022 00:00,
29.08.2022 00:00,
30.08.2022 00:00,
31.08.2022 00:00,
01.09.2022 00:00,267.898
02.09.2022 00:00,
06.09.2022 00:00,
07.09.2022 00:00,
08.09.2022 00:00,
09.09.2022 00:00,
12.09.2022 00:00,
13.09.2022 00:00,
14.09.2022 00:00,
15.09.2022 00:00,
16.09.2022 00:00,
19.09.2022 00:00,
20.09.2022 00:00,
21.09.2022 00:00,
22.09.2022 00:00,
23.09.2022 00:00,
26.09.2022 00:00,
27.09.2022 00:00,
28.09.2022 00:00,
29.09.2022 00:00,
30.09.2022 00:00,
01.10.2022 00:00,265.061
03.10.2022 00:00,
04.10.2022 00:00,
05.10.2022 00:00,
06.10.2022 00:00,
07.10.2022 00:00,
10.10.2022 00:00,
11.10.2022 00:00,
12.10.2022 00:00,
13.10.2022 00:00,
14.10.2022 00:00,
17.10.2022 00:00,
18.10.2022 00:00,
19.10.2022 00:00,
20.10.2022 00:00,
21.10.2022 00:00,
24.10.2022 00:00,
25.10.2022 00:00,
26.10.2022 00:00,
27.10.2022 00:00,
28.10.2022 00:00,
31.10.2022 00:00,
01.11.2022 00:00,263.157
02.11.2022 00:00,
03.11.2022 00:00,
04.11.2022 00:00,
07.11.2022 00:00,
08.11.2022 00:00,
09.11.2022 00:00,
10.11.2022 00:00,
11.11.2022 00:00,
14.11.2022 00:00,
15.11.2022 00:00,
16.11.2022 00:00,
17.11.2022 00:00,
18.11.2022 00:00,
21.11.2022 00:00,
22.11.2022 00:00,
23.11.2022 00:00,
25.11.2022 00:00,
28.11.2022 00:00,
29.11.2022 00:00,
30.11.2022 00:00,
01.12.2022 00:00,257.897
02.12.2022 00:00,
05.12.2022 00:00,
06.12.2022 00:00,
07.12.2022 00:00,
08.12.2022 00:00,
09.12.2022 00:00,
12.12.2022 00:00,
13.12.2022 00:00,
14.12.2022 00:00,
15.12.2022 00:00,
16.12.2022 00:00,
19.12.2022 00:00,
20.12.2022 00:00,
21.12.2022 00:00,
22.12.2022 00:00,
23.12.2022 00:00,
27.12.2022 00:00,
28.12.2022 00:00,
29.12.2022 00:00,
30.12.2022 00:00,
01.01.2023 00:00,260.227
03.01.2023 00:00,
04.01.2023 00:00,
05.01.2023 00:00,
06.01.2023 00:00,
09.01.2023 00:00,
10.01.2023 00:00,
11.01.2023 00:00,
12.01.2023 00:00,
13.01.2023 00:00,
17.01.2023 00:00,
18.01.2023 00:00,
19.01.2023 00:00,
20.01.2023 00:00,
23.01.2023 00:00,
24.01.2023 00:00,
25.01.2023 00:00,
26.01.2023 00:00,
27.01.2023 00:00,
30.01.2023 00:00,
31.01.2023 00:00,
01.02.2023 00:00,258.669
02.02.2023 00:00,
03.02.2023 00:00,
06.02.2023 00:00,
07.02.2023 00:00,
08.02.2023 00:00,
09.02.2023 00:00,
10.02.2023 00:00,
13.02.2023 00:00,
14.02.2023 00:00,
15.02.2023 00:00,
16.02.2023 00:00,
17.02.2023 00:00,
21.02.2023 00:00,
22.02.2023 00:00,
23.02.2023 00:00,
24.02.2023 00:00,
27.02.2023 00:00,
28.02.2023 00:00,
01.03.2023 00:00,257.062
02.03.2023 00:00,
03.03.2023 00:00,
06.03.2023 00:00,
07.03.2023 00:00,
08.03.2023 00:00,
09.03.2023 00:00,
10.03.2023 00:00,
13.03.2023 00:00,
14.03.2023 00:00,
15.03.2023 00:00,
16.03.2023 00:00,
17.03.2023 00:00,
20.03.2023 00:00,
21.03.2023 00:00,
22.03.2023 00:00,
23.03.2023 00:00,
24.03.2023 00:00,
27.03.2023 00:00,
28.03.2023 00:00,
29.03.2023 00:00,
30.03.2023 00:00,
31.03.2023 00:00,
01.04.2023 00:00,256.908
03.04.2023 00:00,
04.04.2023 00:00,
05.04.2023 00:00,
06.04.2023 00:00,
10.04.2023 00:00,
11.04.2023 00:00,
12.04.2023 00:00,
13.04.2023 00:00,
14.04.2023 00:00,
17.04.2023 00:00,
18.04.2023 00:00,
19.04.2023 00:00,
20.04.2023 00:00,
21.04.2023 00:00,
24.04.2023 00:00,
25.04.2023 00:00,
26.04.2023 00:00,
27.04.2023 00:00,
28.04.2023 00:00,
01.05.2023 00:00,253.67
02.05.2023 00:00,
03.05.2023 00:00,
04.05.2023 00:00,
05.05.2023 00:00,
08.05.2023 00:00,
09.05.2023 00:00,
10.05.2023 00:00,
11.05.2023 00:00,
12.05.2023 00:00,
15.05.2023 00:00,
16.05.2023 00:00,
17.05.2023 00:00,
18.05.2023 00:00,
19.05.2023 00:00,
22.05.2023 00:00,
23.05.2023 00:00,
24.05.2023 00:00,
25.05.2023 00:00,
26.05.2023 00:00,
30.05.2023 00:00,
31.05.2023 00:00,
01.06.2023 00:00,253.86
02.06.2023 00:00,
05.06.2023 00:00,
06.06.2023 00:00,
07.06.2023 00:00,
08.06.2023 00:00,
09.06.2023 00:00,
12.06.2023 00:00,
13.06.2023 00:00,
14.06.2023 00:00,
15.06.2023 00:00,
16.06.2023 00:00,
20.06.2023 00:00,
21.06.2023 00:00,
22.06.2023 00:00,
23.06.2023 00:00,
26.06.2023 00:00,
27.06.2023 00:00,
28.06.2023 00:00,
29.06.2023 00:00,
30.06.2023 00:00,
01.07.2023 00:00,253.835
03.07.2023 00:00,
05.07.2023 00:00,
06.07.2023 00:00,
07.07.2023 00:00,
10.07.2023 00:00,
11.07.2023 00:00,
12.07.2023 00:00,
13.07.2023 00:00,
14.07.2023 00:00,
17.07.2023 00:00,
18.07.2023 00:00,
19.07.2023 00:00,
20.07.2023 00:00,
21.07.2023 00:00,
24.07.2023 00:00,
25.07.2023 00:00,
26.07.2023 00:00,
27.07.2023 00:00,
28.07.2023 00:00,
31.07.2023 00:00,
01.08.2023 00:00,257.68
02.08.2023 00:00,
03.08.2023 00:00,
04.08.2023 00:00,
07.08.2023 00:00,
08.08.2023 00:00,
09.08.2023 00:00,
10.08.2023 00:00,
11.08.2023 00:00,
14.08.2023 00:00,
15.08.2023 00:00,
16.08.2023 00:00,
17.08.2023 00:00,
18.08.2023 00:00,
21.08.2023 00:00,
22.08.2023 00:00,
23.08.2023 00:00,
24.08.2023 00:00,
25.08.2023 00:00,
28.08.2023 00:00,
29.08.2023 00:00,
30.08.2023 00:00,
31.08.2023 00:00,
01.09.2023 00:00,258.934
05.09.2023 00:00,
06.09.2023 00:00,
07.09.2023 00:00,
08.09.2023 00:00,
11.09.2023 00:00,
12.09.2023 00:00,
13.09.2023 00:00,
14.09.2023 00:00,
15.09.2023 00:00,
18.09.2023 00:00,
19.09.2023 00:00,
20.09.2023 00:00,
21.09.2023 00:00,
22.09.2023 00:00,
25.09.2023 00:00,
26.09.2023 00:00,
27.09.2023 00:00,
28.09.2023 00:00,
29.09.2023 00:00,
01.10.2023 00:00,255.192
02.10.2023 00:00,
03.10.2023 00:00,
04.10.2023 00:00,
05.10.2023 00:00,
06.10.2023 00:00,
09.10.2023 00:00,
10.10.2023 00:00,
11.10.2023 00:00,
12.10.2023 00:00,
13.10.2023 00:00,
16.10.2023 00:00,
17.10.2023 00:00,
18.10.2023 00:00,
19.10.2023 00:00,
20.10.2023 00:00,
23.10.2023 00:00,
24.10.2023 00:00,
25.10.2023 00:00,
26.10.2023 00:00,
27.10.2023 00:00,
30.10.2023 00:00,
31.10.2023 00:00,
01.11.2023 00:00,252.856
02.11.2023 00:00,
03.11.2023 00:00,
06.11.2023 00:00,
07.11.2023 00:00,
08.11.2023 00:00,
09.11.2023 00:00,
10.11.2023 00:00,
13.11.2023 00:00,
14.11.2023 00:00,
15.11.2023 00:00,
16.11.2023 00:00,
17.11.2023 00:00,
20.11.2023 00:00,
21.11.2023 00:00,
22.11.2023 00:00,
24.11.2023 00:00,
27.11.2023 00:00,
28.11.2023 00:00,
29.11.2023 00:00,
30.11.2023 00:00,
01.12.2023 00:00,249.866
04.12.2023 00:00,
05.12.2023 00:00,
06.12.2023 00:00,
07.12.2023 00:00,
08.12.2023 00:00,
11.12.2023 00:00,
12.12.2023 00:00,
13.12.2023 00:00,
14.12.2023 00:00,
15.12.2023 00:00,
18.12.2023 00:00,
19.12.2023 00:00,
20.12.2023 00:00,
21.12.2023 00:00,
22.12.2023 00:00,
26.12.2023 00:00,
27.12.2023 00:00,
28.12.2023 00:00,
29.12.2023 00:00,
01.01.2024 00:00,251.306
02.01.2024 00:00,
03.01.2024 00:00,
04.01.2024 00:00,
05.01.2024 00:00,
08.01.2024 00:00,
09.01.2024 00:00,
10.01.2024 00:00,
11.01.2024 00:00,
12.01.2024 00:00,
16.01.2024 00:00,
17.01.2024 00:00,
18.01.2024 00:00,
19.01.2024 00:00,
22.01.2024 00:00,
23.01.2024 00:00,
24.01.2024 00:00,
25.01.2024 00:00,
26.01.2024 00:00,
29.01.2024 00:00,
30.01.2024 00:00,
31.01.2024 00:00,
01.02.2024 00:00,254.926
02.02.2024 00:00,
05.02.2024 00:00,
06.02.2024 00:00,
07.02.2024 00:00,
08.02.2024 00:00,
09.02.2024 00:00,
12.02.2024 00:00,
13.02.2024 00:00,
14.02.2024 00:00,
15.02.2024 00:00,
16.02.2024 00:00,
20.02.2024 00:00,
21.02.2024 00:00,
22.02.2024 00:00,
23.02.2024 00:00,
26.02.2024 00:00,
27.02.2024 00:00,
28.02.2024 00:00,
29.02.2024 00:00,
01.03.2024 00:00,255.095
04.03.2024 00:00,
05.03.2024 00:00,
06.03.2024 00:00,
07.03.2024 00:00,
08.03.2024 00:00,
11.03.2024 00:00,
12.03.2024 00:00,
13.03.2024 00:00,
14.03.2024 00:00,
15.03.2024 00:00,
18.03.2024 00:00,
19.03.2024 00:00,
20.03.2024 00:00,
21.03.2024 00:00,
22.03.2024 00:00,
25.03.2024 00:00,
26.03.2024 00:00,
27.03.2024 00:00,
28.03.2024 00:00,
01.04.2024 00:00,256.978
02.04.2024 00:00,
03.04.2024 00:00,
04.04.2024 00:00,
05.04.2024 00:00,
08.04.2024 00:00,
09.04.2024 00:00,
10.04.2024 00:00,
11.04.2024 00:00,
12.04.2024 00:00,
15.04.2024 00:00,
16.04.2024 00:00,
17.04.2024 00:00,
18.04.2024 00:00,
19.04.2024 00:00,
22.04.2024 00:00,
23.04.2024 00:00,
24.04.2024 00:00,
25.04.2024 00:00,
26.04.2024 00:00,
29.04.2024 00:00,
30.04.2024 00:00,
01.05.2024 00:00,255.453
02.05.2024 00:00,
03.05.2024 00:00,
06.05.2024 00:00,
07.05.2024 00:00,
08.05.2024 00:00,
09.05.2024 00:00,
10.05.2024 00:00,
13.05.2024 00:00,
14.05.2024 00:00,
15.05.2024 00:00,
16.05.2024 00:00,
17.05.2024 00:00,
20.05.2024 00:00,
21.05.2024 00:00,
22.05.2024 00:00,
23.05.2024 00:00,
24.05.2024 00:00,
28.05.2024 00:00,
29.05.2024 00:00,
30.05.2024 00:00,
31.05.2024 00:00,
01.06.2024 00:00,256.015
03.06.2024 00:00,
04.06.2024 00:00,
05.06.2024 00:00,
06.06.2024 00:00,
07.06.2024 00:00,
10.06.2024 00:00,
11.06.2024 00:00,
12.06.2024 00:00,
13.06.2024 00:00,
14.06.2024 00:00,
17.06.2024 00:00,
18.06.2024 00:00,
20.06.2024 00:00,
21.06.2024 00:00,
24.06.2024 00:00,
25.06.2024 00:00,
26.06.2024 00:00,
27.06.2024 00:00,
28.06.2024 00:00,
01.07.2024 00:00,257.485
02.07.2024 00:00,
03.07.2024 00:00,
05.07.2024 00:00,
08.07.2024 00:00,
09.07.2024 00:00,
10.07.2024 00:00,
11.07.2024 00:00,
12.07.2024 00:00,
15.07.2024 00:00,
16.07.2024 00:00,
17.07.2024 00:00,
18.07.2024 00:00,
19.07.2024 00:00,
22.07.2024 00:00,
23.07.2024 00:00,
24.07.2024 00:00,
25.07.2024 00:00,
26.07.2024 00:00,
29.07.2024 00:00,
30.07.2024 00:00,
31.07.2024 00:00,
01.08.2024 00:00,255.613
02.08.2024 00:00,
05.08.2024 00:00,
06.08.2024 00:00,
07.08.2024 00:00,
08.08.2024 00:00,
09.08.2024 00:00,
12.08.2024 00:00,
13.08.2024 00:00,
14.08.2024 00:00,
15.08.2024 00:00,
16.08.2024 00:00,
19.08.2024 00:00,
20.08.2024 00:00,
21.08.2024 00:00,
22.08.2024 00:00,
23.08.2024 00:00,
26.08.2024 00:00,
27.08.2024 00:00,
28.08.2024 00:00,
29.08.2024 00:00,
30.08.2024 00:00,
03.09.2024 00:00,
04.09.2024 00:00,
05.09.2024 00:00,
06.09.2024 00:00,
09.09.2024 00:00,
10.09.2024 00:00,
11.09.2024 00:00,
12.09.2024 00:00,
13.09.2024 00:00,
16.09.2024 00:00,
17.09.2024 00:00,
18.09.2024 00:00,
19.09.2024 00:00,
20.09.2024 00:00,
23.09.2024 00:00,
24.09.2024 00:00,
25.09.2024 00:00,