DateTime,Inflation Rate
1868-12-31 00:00:46,
1869-12-31 00:00:46,
1870-12-31 00:00:46,
1871-12-31 00:00:46,
1872-01-01 00:00:46,1.5270384
1872-12-31 00:00:46,
1873-01-01 00:00:46,2.255462
1873-12-31 00:00:46,
1874-01-01 00:00:46,-4.4120519
1874-12-31 00:00:46,
1875-01-01 00:00:46,-6.9225661
1875-12-31 00:00:46,
1876-01-01 00:00:46,-5.7856006
1876-12-31 00:00:46,
1877-01-01 00:00:46,0.8773737
1877-12-31 00:00:46,
1878-01-01 00:00:46,-15.6524529
1878-12-31 00:00:46,
1879-01-01 00:00:46,-10.3088178
1879-12-31 00:00:46,
1880-01-01 00:00:46,20.689993400000002
1880-12-31 00:00:46,
1881-01-01 00:00:46,-5.7146337
1881-12-31 00:00:46,
1882-01-01 00:00:46,8.080754599999999
1882-12-31 00:00:46,
1883-01-01 00:00:46,-1.8687481
1883-12-31 00:00:46,
1884-01-01 00:00:46,-7.6197809
1884-12-31 00:00:46,
1885-01-01 00:00:46,-10.3088178
1885-12-31 00:00:46,
1886-01-01 00:00:46,-3.4483965
1886-12-31 00:00:46,
1887-01-01 00:00:46,0
1887-12-31 00:00:46,
1888-01-01 00:00:46,4.7622804
1888-12-31 00:00:46,
1889-01-01 00:00:46,-4.5457968
1889-12-31 00:00:46,
1890-01-01 00:00:46,-4.7618762
1890-12-31 00:00:46,
1891-01-01 00:00:46,2.499984
1891-12-31 00:00:46,
1892-01-01 00:00:46,-6.0975749
1892-12-31 00:00:46,
1893-01-01 00:00:46,7.792271
1893-12-31 00:00:46,
1894-01-01 00:00:46,-13.2530775
1894-12-31 00:00:00,
1895-01-01 00:00:00,-4.1665829
1895-12-31 00:00:00,
1896-01-01 00:00:00,1.4492038
1896-12-31 00:00:00,
1897-01-01 00:00:00,-2.8571255
1897-12-31 00:00:00,
1898-01-01 00:00:00,2.9411581
1898-12-31 00:00:00,
1899-01-01 00:00:00,1.4286235
1899-12-31 00:00:00,
01.01.1900 00:00,16.9014169
31.12.1900 00:00,
01.01.1901 00:00,-2.409725
31.12.1901 00:00,
01.01.1902 00:00,2.4692266000000003
31.12.1902 00:00,
01.01.1903 00:00,9.6385925
31.12.1903 00:00,
01.01.1904 00:00,-4.3955736
31.12.1904 00:00,
01.01.1905 00:00,2.2983445000000002
31.12.1905 00:00,
01.01.1906 00:00,0
31.12.1906 00:00,
01.01.1907 00:00,4.4943713
31.12.1907 00:00,
01.01.1908 00:00,-2.1500751
31.12.1908 00:00,
01.01.1909 00:00,3.2964463
31.12.1909 00:00,
01.01.1910 00:00,10.638702499999999
31.12.1910 00:00,
01.01.1911 00:00,-6.731328
31.12.1911 00:00,
01.01.1912 00:00,-1.0302674
31.12.1912 00:00,
01.01.1913 00:00,7.2913803
31.12.1913 00:00,
01.01.1914 00:00,2.0408163265306047
01.02.1914 00:00,1.0204081632653024
01.03.1914 00:00,1.0204081632653024
01.04.1914 00:00,0
01.05.1914 00:00,2.0618556701031037
01.06.1914 00:00,1.0204081632653024
01.07.1914 00:00,1.0101010101010066
01.08.1914 00:00,3.030303030303019
01.09.1914 00:00,1.9999999999999927
01.10.1914 00:00,0.9999999999999963
01.11.1914 00:00,0.9900990099009866
01.12.1914 00:00,0.9999999999999963
31.12.1914 00:00,
01.01.1915 00:00,0.9999999999999963
01.02.1915 00:00,1.0101010101010066
01.03.1915 00:00,0
01.04.1915 00:00,2.0408163265306047
01.05.1915 00:00,2.0202020202020132
01.06.1915 00:00,2.0202020202020132
01.07.1915 00:00,0.9999999999999963
01.08.1915 00:00,-0.980392157
01.09.1915 00:00,-0.980392157
01.10.1915 00:00,0.9900990099009866
01.11.1915 00:00,0.9803921568627592
01.12.1915 00:00,1.980198019801991
31.12.1915 00:00,
01.01.1916 00:00,2.9702970297029774
01.02.1916 00:00,4.0000000000000036
01.03.1916 00:00,6.060606060606057
01.04.1916 00:00,5.9999999999999964
01.05.1916 00:00,5.940594059405938
01.06.1916 00:00,6.930693069306941
01.07.1916 00:00,6.930693069306941
01.08.1916 00:00,7.920792079207928
01.09.1916 00:00,9.900990099009901
01.10.1916 00:00,10.784313725490211
01.11.1916 00:00,11.650485436893195
01.12.1916 00:00,12.62135922330096
31.12.1916 00:00,
01.01.1917 00:00,12.49999999999999
01.02.1917 00:00,15.38461538461538
01.03.1917 00:00,14.285714285714285
01.04.1917 00:00,18.867924528301888
01.05.1917 00:00,19.62616822429908
01.06.1917 00:00,20.370370370370363
01.07.1917 00:00,18.51851851851852
01.08.1917 00:00,19.266055045871553
01.09.1917 00:00,19.81981981981983
01.10.1917 00:00,19.46902654867256
01.11.1917 00:00,17.391304347826086
01.12.1917 00:00,18.103448275862068
31.12.1917 00:00,
01.01.1918 00:00,19.658119658119666
01.02.1918 00:00,17.499999999999996
01.03.1918 00:00,16.666666666666664
01.04.1918 00:00,12.698412698412694
01.05.1918 00:00,13.281249999999995
01.06.1918 00:00,13.076923076923071
01.07.1918 00:00,17.968749999999993
01.08.1918 00:00,18.461538461538467
01.09.1918 00:00,18.045112781954874
01.10.1918 00:00,18.51851851851852
01.11.1918 00:00,20.740740740740744
01.12.1918 00:00,20.437956204379567
31.12.1918 00:00,
01.01.1919 00:00,17.857142857142858
01.02.1919 00:00,14.893617021276592
01.03.1919 00:00,17.14285714285713
01.04.1919 00:00,17.605633802816904
01.05.1919 00:00,16.551724137931025
01.06.1919 00:00,14.96598639455782
01.07.1919 00:00,15.231788079470194
01.08.1919 00:00,14.93506493506493
01.09.1919 00:00,13.37579617834396
01.10.1919 00:00,13.125000000000009
01.11.1919 00:00,13.496932515337418
01.12.1919 00:00,14.545454545454536
31.12.1919 00:00,
01.01.1920 00:00,16.969696969696972
01.02.1920 00:00,20.370370370370374
01.03.1920 00:00,20.12195122
01.04.1920 00:00,21.55688622754492
01.05.1920 00:00,21.893491124260372
01.06.1920 00:00,23.668639053254438
01.07.1920 00:00,19.540229885057485
01.08.1920 00:00,14.689265536723173
01.09.1920 00:00,12.359550561797748
01.10.1920 00:00,9.944751381215452
01.11.1920 00:00,7.027027027
01.12.1920 00:00,2.6455026455026456
31.12.1920 00:00,
01.01.1921 00:00,-1.554404145
01.02.1921 00:00,-5.641025641
01.03.1921 00:00,-7.106598985
01.04.1921 00:00,-10.83743842
01.05.1921 00:00,-14.0776699
01.06.1921 00:00,-15.78947368
01.07.1921 00:00,-14.90384615
01.08.1921 00:00,-12.80788177
01.09.1921 00:00,-12.5
01.10.1921 00:00,-12.06030151
01.11.1921 00:00,-12.12121212
01.12.1921 00:00,-10.82474227
31.12.1921 00:00,
01.01.1922 00:00,-11.05263158
01.02.1922 00:00,-8.152173913
01.03.1922 00:00,-8.743169399
01.04.1922 00:00,-7.73480663
01.05.1922 00:00,-5.649717514
01.06.1922 00:00,-5.113636364
01.07.1922 00:00,-5.084745763
01.08.1922 00:00,-6.214689266
01.09.1922 00:00,-5.142857143
01.10.1922 00:00,-4.571428571
01.11.1922 00:00,-3.448275862
01.12.1922 00:00,-2.312138728
31.12.1922 00:00,
01.01.1923 00:00,-0.591715976
01.02.1923 00:00,-0.591715976
01.03.1923 00:00,0.5988023952095893
01.04.1923 00:00,1.1976047904191574
01.05.1923 00:00,1.1976047904191574
01.06.1923 00:00,1.796407185628747
01.07.1923 00:00,2.3809523809523725
01.08.1923 00:00,3.012048192771084
01.09.1923 00:00,3.614457831325288
01.10.1923 00:00,3.592814371257494
01.11.1923 00:00,2.976190476190476
01.12.1923 00:00,2.3668639053254568
31.12.1923 00:00,
01.01.1924 00:00,2.976190476190476
01.02.1924 00:00,2.3809523809523725
01.03.1924 00:00,1.7857142857142898
01.04.1924 00:00,0.5917159763313694
01.05.1924 00:00,0.5917159763313694
01.06.1924 00:00,0
01.07.1924 00:00,-0.581395349
01.08.1924 00:00,-0.584795322
01.09.1924 00:00,-0.581395349
01.10.1924 00:00,-0.578034682
01.11.1924 00:00,-0.578034682
01.12.1924 00:00,0
31.12.1924 00:00,
01.01.1925 00:00,0
01.02.1925 00:00,0
01.03.1925 00:00,1.1695906432748495
01.04.1925 00:00,1.176470588
01.05.1925 00:00,1.7647058823529453
01.06.1925 00:00,2.941176470588235
01.07.1925 00:00,3.5087719298245488
01.08.1925 00:00,4.117647058823525
01.09.1925 00:00,3.5087719298245488
01.10.1925 00:00,2.9069767441860463
01.11.1925 00:00,4.651162790697678
01.12.1925 00:00,3.468208092485537
31.12.1925 00:00,
01.01.1926 00:00,3.468208092485537
01.02.1926 00:00,4.069767441860462
01.03.1926 00:00,2.8901734104046244
01.04.1926 00:00,4.069767441860462
01.05.1926 00:00,2.8901734104046244
01.06.1926 00:00,1.1428571428571388
01.07.1926 00:00,-1.129943503
01.08.1926 00:00,-1.694915254
01.09.1926 00:00,-1.129943503
01.10.1926 00:00,-0.564971751
01.11.1926 00:00,-1.666666667
01.12.1926 00:00,-1.117318436
31.12.1926 00:00,
01.01.1927 00:00,-2.234636872
01.02.1927 00:00,-2.793296089
01.03.1927 00:00,-2.808988764
01.04.1927 00:00,-3.351955307
01.05.1927 00:00,-2.247191011
01.06.1927 00:00,-0.564971751
01.07.1927 00:00,-1.142857143
01.08.1927 00:00,-1.149425287
01.09.1927 00:00,-1.142857143
01.10.1927 00:00,-1.136363636
01.11.1927 00:00,-2.259887006
01.12.1927 00:00,-2.259887006
31.12.1927 00:00,
01.01.1928 00:00,-1.142857143
01.02.1928 00:00,-1.724137931
01.03.1928 00:00,-1.156069364
01.04.1928 00:00,-1.156069364
01.05.1928 00:00,-1.149425287
01.06.1928 00:00,-2.840909091
01.07.1928 00:00,-1.156069364
01.08.1928 00:00,-0.581395349
01.09.1928 00:00,0
01.10.1928 00:00,-1.149425287
01.11.1928 00:00,-0.578034682
01.12.1928 00:00,-1.156069364
31.12.1928 00:00,
01.01.1929 00:00,-1.156069364
01.02.1929 00:00,0
01.03.1929 00:00,-0.584795322
01.04.1929 00:00,-1.169590643
01.05.1929 00:00,-1.162790698
01.06.1929 00:00,0
01.07.1929 00:00,1.1695906432748495
01.08.1929 00:00,1.1695906432748495
01.09.1929 00:00,0
01.10.1929 00:00,0.5813953488372177
01.11.1929 00:00,0.5813953488372177
01.12.1929 00:00,0.5847953216374144
31.12.1929 00:00,
01.01.1930 00:00,0
01.02.1930 00:00,-0.584795322
01.03.1930 00:00,-0.588235294
01.04.1930 00:00,0.5917159763313694
01.05.1930 00:00,-0.588235294
01.06.1930 00:00,-1.754385965
01.07.1930 00:00,-4.046242775
01.08.1930 00:00,-4.624277457
01.09.1930 00:00,-4.046242775
01.10.1930 00:00,-4.624277457
01.11.1930 00:00,-5.202312139
01.12.1930 00:00,-6.395348837
31.12.1930 00:00,
01.01.1931 00:00,-7.01754386
01.02.1931 00:00,-7.647058824
01.03.1931 00:00,-7.692307692
01.04.1931 00:00,-8.823529412
01.05.1931 00:00,-9.467455621
01.06.1931 00:00,-10.11904762
01.07.1931 00:00,-9.036144578
01.08.1931 00:00,-8.484848485
01.09.1931 00:00,-9.638554217
01.10.1931 00:00,-9.696969697
01.11.1931 00:00,-10.36585366
01.12.1931 00:00,-9.316770186
31.12.1931 00:00,
01.01.1932 00:00,-10.06289308
01.02.1932 00:00,-10.1910828
01.03.1932 00:00,-10.25641026
01.04.1932 00:00,-10.32258065
01.05.1932 00:00,-10.45751634
01.06.1932 00:00,-9.933774834
01.07.1932 00:00,-9.933774834
01.08.1932 00:00,-10.59602649
01.09.1932 00:00,-10.66666667
01.10.1932 00:00,-10.73825503
01.11.1932 00:00,-10.20408163
01.12.1932 00:00,-10.2739726
31.12.1932 00:00,
01.01.1933 00:00,-9.79020979
01.02.1933 00:00,-9.929078014
01.03.1933 00:00,-10
01.04.1933 00:00,-9.352517986
01.05.1933 00:00,-8.02919708
01.06.1933 00:00,-6.617647059
01.07.1933 00:00,-3.676470588
01.08.1933 00:00,-2.222222222
01.09.1933 00:00,-1.492537313
01.10.1933 00:00,-0.751879699
01.11.1933 00:00,0
01.12.1933 00:00,0.7633587786259515
31.12.1933 00:00,
01.01.1934 00:00,2.325581395348829
01.02.1934 00:00,4.724409449
01.03.1934 00:00,5.555555555555564
01.04.1934 00:00,5.555555555555564
01.05.1934 00:00,5.555555555555564
01.06.1934 00:00,5.511811023622056
01.07.1934 00:00,2.290076335877868
01.08.1934 00:00,1.5151515151515234
01.09.1934 00:00,3.030303030303033
01.10.1934 00:00,2.2727272727272783
01.11.1934 00:00,2.2727272727272783
01.12.1934 00:00,1.5151515151515234
31.12.1934 00:00,
01.01.1935 00:00,3.030303030303033
01.02.1935 00:00,3.0075187969924704
01.03.1935 00:00,3.0075187969924704
01.04.1935 00:00,3.7593984962406015
01.05.1935 00:00,3.7593984962406015
01.06.1935 00:00,2.2388059701492455
01.07.1935 00:00,2.2388059701492455
01.08.1935 00:00,2.2388059701492455
01.09.1935 00:00,0.7352941176470562
01.10.1935 00:00,1.481481481481476
01.11.1935 00:00,2.2222222222222276
01.12.1935 00:00,2.9850746268656745
31.12.1935 00:00,
01.01.1936 00:00,1.4705882352941255
01.02.1936 00:00,0.7299270072992805
01.03.1936 00:00,0
01.04.1936 00:00,-0.724637681
01.05.1936 00:00,-0.724637681
01.06.1936 00:00,0.7299270072992805
01.07.1936 00:00,1.4598540145985481
01.08.1936 00:00,2.1897810218978155
01.09.1936 00:00,2.1897810218978155
01.10.1936 00:00,2.1897810218978155
01.11.1936 00:00,1.4492753623188355
01.12.1936 00:00,1.4492753623188355
31.12.1936 00:00,
01.01.1937 00:00,2.173913043478253
01.02.1937 00:00,2.173913043478253
01.03.1937 00:00,3.649635036496351
01.04.1937 00:00,4.379562043795631
01.05.1937 00:00,5.109489051094899
01.06.1937 00:00,4.347826086956519
01.07.1937 00:00,4.316546762589925
01.08.1937 00:00,3.571428571428571
01.09.1937 00:00,4.285714285714283
01.10.1937 00:00,4.285714285714283
01.11.1937 00:00,3.571428571428571
01.12.1937 00:00,2.857142857
31.12.1937 00:00,
01.01.1938 00:00,0.7092198581560258
01.02.1938 00:00,0
01.03.1938 00:00,-0.704225352
01.04.1938 00:00,-0.699300699
01.05.1938 00:00,-2.083333333
01.06.1938 00:00,-2.083333333
01.07.1938 00:00,-2.75862069
01.08.1938 00:00,-2.75862069
01.09.1938 00:00,-3.424657534
01.10.1938 00:00,-4.109589041
01.11.1938 00:00,-3.448275862
01.12.1938 00:00,-2.777777778
31.12.1938 00:00,
01.01.1939 00:00,-1.408450704
01.02.1939 00:00,-1.418439716
01.03.1939 00:00,-1.418439716
01.04.1939 00:00,-2.816901408
01.05.1939 00:00,-2.127659574
01.06.1939 00:00,-2.127659574
01.07.1939 00:00,-2.127659574
01.08.1939 00:00,-2.127659574
01.09.1939 00:00,0
01.10.1939 00:00,0
01.11.1939 00:00,0
01.12.1939 00:00,0
31.12.1939 00:00,
01.01.1940 00:00,-0.714285714
01.02.1940 00:00,0.7194244604316521
01.03.1940 00:00,0.7194244604316521
01.04.1940 00:00,1.4492753623188355
01.05.1940 00:00,1.4492753623188355
01.06.1940 00:00,2.173913043478253
01.07.1940 00:00,1.4492753623188355
01.08.1940 00:00,1.4492753623188355
01.09.1940 00:00,-0.709219858
01.10.1940 00:00,0
01.11.1940 00:00,0
01.12.1940 00:00,0.7142857142857117
31.12.1940 00:00,
01.01.1941 00:00,1.4388489208633042
01.02.1941 00:00,0.7142857142857117
01.03.1941 00:00,1.4285714285714235
01.04.1941 00:00,2.142857142857148
01.05.1941 00:00,2.857142857
01.06.1941 00:00,4.255319148936168
01.07.1941 00:00,4.999999999999995
01.08.1941 00:00,6.428571428571431
01.09.1941 00:00,7.857142857142854
01.10.1941 00:00,9.285714286
01.11.1941 00:00,10.000000000000002
01.12.1941 00:00,9.929078014
31.12.1941 00:00,
01.01.1942 00:00,11.347517730496453
01.02.1942 00:00,12.05673758865249
01.03.1942 00:00,12.676056338028175
01.04.1942 00:00,12.587412587412592
01.05.1942 00:00,13.194444444444448
01.06.1942 00:00,10.884353741496609
01.07.1942 00:00,11.564625850340132
01.08.1942 00:00,10.738255033557044
01.09.1942 00:00,9.271523179
01.10.1942 00:00,9.150326797
01.11.1942 00:00,9.090909090909092
01.12.1942 00:00,9.032258064516121
31.12.1942 00:00,
01.01.1943 00:00,7.643312101910824
01.02.1943 00:00,6.962025316455682
01.03.1943 00:00,7.499999999999996
01.04.1943 00:00,8.074534161490664
01.05.1943 00:00,7.361963190184044
01.06.1943 00:00,7.361963190184044
01.07.1943 00:00,6.097560975609757
01.08.1943 00:00,4.848484848484853
01.09.1943 00:00,5.454545454545446
01.10.1943 00:00,4.191616766467062
01.11.1943 00:00,3.5714285714285587
01.12.1943 00:00,2.9585798816568047
31.12.1943 00:00,
01.01.1944 00:00,2.9585798816568047
01.02.1944 00:00,2.9585798816568047
01.03.1944 00:00,1.1627906976744147
01.04.1944 00:00,0.5747126436781691
01.05.1944 00:00,0
01.06.1944 00:00,0.5714285714285796
01.07.1944 00:00,1.7241379310344869
01.08.1944 00:00,2.312138728323691
01.09.1944 00:00,1.7241379310344869
01.10.1944 00:00,1.7241379310344869
01.11.1944 00:00,1.7241379310344869
01.12.1944 00:00,2.298850574712656
31.12.1944 00:00,
01.01.1945 00:00,2.298850574712656
01.02.1945 00:00,2.298850574712656
01.03.1945 00:00,2.298850574712656
01.04.1945 00:00,1.7142857142857182
01.05.1945 00:00,2.2857142857142776
01.06.1945 00:00,2.840909090909091
01.07.1945 00:00,2.2598870056497296
01.08.1945 00:00,2.2598870056497296
01.09.1945 00:00,2.2598870056497296
01.10.1945 00:00,2.2598870056497296
01.11.1945 00:00,2.2598870056497296
01.12.1945 00:00,2.2471910112359472
31.12.1945 00:00,
01.01.1946 00:00,2.2471910112359472
01.02.1946 00:00,1.685393258
01.03.1946 00:00,2.8089887640449436
01.04.1946 00:00,3.370786516853921
01.05.1946 00:00,3.3519553072625783
01.06.1946 00:00,3.314917127071811
01.07.1946 00:00,9.392265193
01.08.1946 00:00,11.602209944751369
01.09.1946 00:00,12.707182320441973
01.10.1946 00:00,14.917127071823199
01.11.1946 00:00,17.679558011049718
01.12.1946 00:00,18.13186813186814
31.12.1946 00:00,
01.01.1947 00:00,18.13186813186814
01.02.1947 00:00,18.78453038674032
01.03.1947 00:00,19.672131147540973
01.04.1947 00:00,19.021739130434785
01.05.1947 00:00,18.378378378378372
01.06.1947 00:00,17.647058823529417
01.07.1947 00:00,12.121212121212114
01.08.1947 00:00,11.386138613861391
01.09.1947 00:00,12.745098039215694
01.10.1947 00:00,10.576923076923073
01.11.1947 00:00,8.450704225352116
01.12.1947 00:00,8.837209302325574
31.12.1947 00:00,
01.01.1948 00:00,10.23255813953488
01.02.1948 00:00,9.302325581
01.03.1948 00:00,6.849315068493151
01.04.1948 00:00,8.675799086758001
01.05.1948 00:00,9.132420091324201
01.06.1948 00:00,9.545454545454552
01.07.1948 00:00,9.909909909909906
01.08.1948 00:00,8.888888889
01.09.1948 00:00,6.521739130434782
01.10.1948 00:00,6.086956521739125
01.11.1948 00:00,4.761904761904753
01.12.1948 00:00,2.991452991453004
31.12.1948 00:00,
01.01.1949 00:00,1.2658227848101298
01.02.1949 00:00,1.276595744680854
01.03.1949 00:00,1.7094017094017186
01.04.1949 00:00,0.4201680672268818
01.05.1949 00:00,-0.418410042
01.06.1949 00:00,-0.829875519
01.07.1949 00:00,-2.868852459
01.08.1949 00:00,-2.857142857
01.09.1949 00:00,-2.448979592
01.10.1949 00:00,-2.868852459
01.11.1949 00:00,-1.652892562
01.12.1949 00:00,-2.074688797
31.12.1949 00:00,
01.01.1950 00:00,-2.083333333
01.02.1950 00:00,-1.260504202
01.03.1950 00:00,-0.840336134
01.04.1950 00:00,-1.255230126
01.05.1950 00:00,-0.420168067
01.06.1950 00:00,-0.418410042
01.07.1950 00:00,1.6877637130801777
01.08.1950 00:00,2.1008403361344534
01.09.1950 00:00,2.0920502092050213
01.10.1950 00:00,3.797468354430389
01.11.1950 00:00,3.781512605042011
01.12.1950 00:00,5.932203389830502
31.12.1950 00:00,
01.01.1951 00:00,8.085106382978717
01.02.1951 00:00,9.361702127659571
01.03.1951 00:00,9.322033898305081
01.04.1951 00:00,9.322033898305081
01.05.1951 00:00,9.282700421940927
01.06.1951 00:00,8.823529411764696
01.07.1951 00:00,7.468879668
01.08.1951 00:00,6.584362139917686
01.09.1951 00:00,6.967213115
01.10.1951 00:00,6.5040650406503975
01.11.1951 00:00,6.882591093117406
01.12.1951 00:00,6
31.12.1951 00:00,
01.01.1952 00:00,4.3307086614173285
01.02.1952 00:00,2.334630350194558
01.03.1952 00:00,1.937984496124031
01.04.1952 00:00,2.325581395348829
01.05.1952 00:00,1.9305019305019304
01.06.1952 00:00,2.316602316602322
01.07.1952 00:00,3.0888030888030915
01.08.1952 00:00,3.0888030888030915
01.09.1952 00:00,2.2988505747126355
01.10.1952 00:00,1.9083969465648856
01.11.1952 00:00,1.1363636363636391
01.12.1952 00:00,0.7547169811320728
31.12.1952 00:00,
01.01.1953 00:00,0.3773584905660431
01.02.1953 00:00,0.7604562737642558
01.03.1953 00:00,1.1406844106463905
01.04.1953 00:00,0.7575757575757683
01.05.1953 00:00,1.1363636363636391
01.06.1953 00:00,1.1320754716981158
01.07.1953 00:00,0.37453183520599787
01.08.1953 00:00,0.7490636704119823
01.09.1953 00:00,0.7490636704119823
01.10.1953 00:00,1.1235955056179803
01.11.1953 00:00,0.7490636704119823
01.12.1953 00:00,0.7490636704119823
31.12.1953 00:00,
01.01.1954 00:00,1.1278195488721696
01.02.1954 00:00,1.5094339622641455
01.03.1954 00:00,1.1278195488721696
01.04.1954 00:00,0.7518796992481176
01.05.1954 00:00,0.7490636704119823
01.06.1954 00:00,0.37313432835820104
01.07.1954 00:00,0.37313432835820104
01.08.1954 00:00,0
01.09.1954 00:00,-0.371747212
01.10.1954 00:00,-0.740740741
01.11.1954 00:00,-0.371747212
01.12.1954 00:00,-0.743494424
31.12.1954 00:00,
01.01.1955 00:00,-0.743494424
01.02.1955 00:00,-0.743494424
01.03.1955 00:00,-0.743494424
01.04.1955 00:00,-0.373134328
01.05.1955 00:00,-0.743494424
01.06.1955 00:00,-0.743494424
01.07.1955 00:00,-0.371747212
01.08.1955 00:00,-0.371747212
01.09.1955 00:00,0.37313432835820104
01.10.1955 00:00,0.37313432835820104
01.11.1955 00:00,0.37313432835820104
01.12.1955 00:00,0.37453183520599787
31.12.1955 00:00,
01.01.1956 00:00,0.37453183520599787
01.02.1956 00:00,0.37453183520599787
01.03.1956 00:00,0.37453183520599787
01.04.1956 00:00,0.7490636704119823
01.05.1956 00:00,1.1235955056179803
01.06.1956 00:00,1.8726591760299627
01.07.1956 00:00,2.2388059701492455
01.08.1956 00:00,1.8656716417910446
01.09.1956 00:00,1.858736059479554
01.10.1956 00:00,2.230483271
01.11.1956 00:00,2.230483271
01.12.1956 00:00,2.9850746268656745
31.12.1956 00:00,
01.01.1957 00:00,2.9850746268656745
01.02.1957 00:00,3.358208955223875
01.03.1957 00:00,3.731343283582089
01.04.1957 00:00,3.717472118959108
01.05.1957 00:00,3.7037037037037033
01.06.1957 00:00,3.3088235294117725
01.07.1957 00:00,3.284671532846723
01.08.1957 00:00,3.6630036630036633
01.09.1957 00:00,3.284671532846723
01.10.1957 00:00,2.9090909090909114
01.11.1957 00:00,3.2727272727272676
01.12.1957 00:00,2.898550724637671
31.12.1957 00:00,
01.01.1958 00:00,3.6231884057971016
01.02.1958 00:00,3.2490974729241957
01.03.1958 00:00,3.597122302158273
01.04.1958 00:00,3.584229390681004
01.05.1958 00:00,3.214285714285709
01.06.1958 00:00,2.8469750889679615
01.07.1958 00:00,2.4734982332155453
01.08.1958 00:00,2.120141342756176
01.09.1958 00:00,2.120141342756176
01.10.1958 00:00,2.120141342756176
01.11.1958 00:00,2.1126760563380333
01.12.1958 00:00,1.7605633802816902
01.01.1959 00:00,1.3986013986013937
01.02.1959 00:00,1.048951048951039
01.03.1959 00:00,0.3472222222222148
01.04.1959 00:00,0.3460207612456797
01.05.1959 00:00,0.3460207612456797
01.06.1959 00:00,0.6920415224913594
01.07.1959 00:00,0.6896551724137907
01.08.1959 00:00,1.0380622837370268
01.09.1959 00:00,1.3840830449827064
01.10.1959 00:00,1.7301038062283738
01.11.1959 00:00,1.3793103448275814
01.12.1959 00:00,1.7301038062283738
01.01.1960 00:00,1.0344827586206922
01.02.1960 00:00,1.7301038062283738
01.03.1960 00:00,1.7301038062283738
01.04.1960 00:00,1.7241379310344827
01.05.1960 00:00,1.7241379310344827
01.06.1960 00:00,1.7182130584192439
01.07.1960 00:00,1.3698630136986376
01.08.1960 00:00,1.3698630136986376
01.09.1960 00:00,1.0238907849829375
01.10.1960 00:00,1.3605442176870821
01.11.1960 00:00,1.3605442176870821
01.12.1960 00:00,1.3605442176870821
01.01.1961 00:00,1.7064846416382253
01.02.1961 00:00,1.3605442176870821
01.03.1961 00:00,1.3605442176870821
01.04.1961 00:00,1.0169491525423753
01.05.1961 00:00,1.0169491525423753
01.06.1961 00:00,0.6756756756756733
01.07.1961 00:00,1.3513513513513467
01.08.1961 00:00,1.0135135135135038
01.09.1961 00:00,1.3513513513513467
01.10.1961 00:00,0.67114094
01.11.1961 00:00,0.67114094
01.12.1961 00:00,0.67114094
01.01.1962 00:00,0.67114094
01.02.1962 00:00,1.0067114093959755
01.03.1962 00:00,1.0067114093959755
01.04.1962 00:00,1.342281879194626
01.05.1962 00:00,1.342281879194626
01.06.1962 00:00,1.342281879194626
01.07.1962 00:00,1.0000000000000024
01.08.1962 00:00,1.3377926421404756
01.09.1962 00:00,1.3333333333333286
01.10.1962 00:00,1.3333333333333286
01.11.1962 00:00,1.3333333333333286
01.12.1962 00:00,1.3333333333333286
01.01.1963 00:00,1.3333333333333286
01.02.1963 00:00,0.9966777408637779
01.03.1963 00:00,1.328903654485045
01.04.1963 00:00,0.9933774834437109
01.05.1963 00:00,0.9933774834437109
01.06.1963 00:00,1.3245033112582854
01.07.1963 00:00,1.3201320132013155
01.08.1963 00:00,1.3201320132013155
01.09.1963 00:00,0.9868421052631603
01.10.1963 00:00,1.3157894736842175
01.11.1963 00:00,1.3157894736842175
01.12.1963 00:00,1.644736842105263
01.01.1964 00:00,1.644736842105263
01.02.1964 00:00,1.644736842105263
01.03.1964 00:00,1.3114754098360608
01.04.1964 00:00,1.3114754098360608
01.05.1964 00:00,1.3114754098360608
01.06.1964 00:00,1.3071895424836555
01.07.1964 00:00,1.3029315960912122
01.08.1964 00:00,0.9771986970684062
01.09.1964 00:00,1.3029315960912122
01.10.1964 00:00,0.9740259740259762
01.11.1964 00:00,1.298701298701294
01.12.1964 00:00,0.9708737864077693
01.01.1965 00:00,0.9708737864077693
01.02.1965 00:00,0.9708737864077693
01.03.1965 00:00,1.2944983818770297
01.04.1965 00:00,1.6181229773462786
01.05.1965 00:00,1.6181229773462786
01.06.1965 00:00,1.9354838709677464
01.07.1965 00:00,1.607717041800643
01.08.1965 00:00,1.9354838709677464
01.09.1965 00:00,1.607717041800643
01.10.1965 00:00,1.9292604501607649
01.11.1965 00:00,1.6025641025641029
01.12.1965 00:00,1.9230769230769278
01.01.1966 00:00,1.9230769230769278
01.02.1966 00:00,2.5641025641025665
01.03.1966 00:00,2.5559105431309925
01.04.1966 00:00,2.866242038216556
01.05.1966 00:00,2.866242038216556
01.06.1966 00:00,2.531645569620244
01.07.1966 00:00,2.848101266
01.08.1966 00:00,3.481012658227853
01.09.1966 00:00,3.481012658227853
01.10.1966 00:00,3.785488958990534
01.11.1966 00:00,3.785488958990534
01.12.1966 00:00,3.459119496855339
01.01.1967 00:00,3.459119496855339
01.02.1967 00:00,2.8124999999999956
01.03.1967 00:00,2.8037383177570048
01.04.1967 00:00,2.4767801857585274
01.05.1967 00:00,2.786377708978346
01.06.1967 00:00,2.7777777777777732
01.07.1967 00:00,2.7692307692307647
01.08.1967 00:00,2.4464831804281255
01.09.1967 00:00,2.752293577981647
01.10.1967 00:00,2.4316109422492533
01.11.1967 00:00,2.735562310030391
01.12.1967 00:00,3.0395136778115504
01.01.1968 00:00,3.647416413373869
01.02.1968 00:00,3.951367781155028
01.03.1968 00:00,3.9393939393939306
01.04.1968 00:00,3.927492447129901
01.05.1968 00:00,3.9156626506024006
01.06.1968 00:00,4.204204204204222
01.07.1968 00:00,4.491017964071856
01.08.1968 00:00,4.477611940298507
01.09.1968 00:00,4.464285714285714
01.10.1968 00:00,4.747774480712149
01.11.1968 00:00,4.733727810650892
01.12.1968 00:00,4.719764011799414
01.01.1969 00:00,4.398826979
01.02.1969 00:00,4.678362573099398
01.03.1969 00:00,5.247813411
01.04.1969 00:00,5.523255813953484
01.05.1969 00:00,5.507246377
01.06.1969 00:00,5.475504322766566
01.07.1969 00:00,5.444126074498564
01.08.1969 00:00,5.714285714285714
01.09.1969 00:00,5.698005698005698
01.10.1969 00:00,5.66572238
01.11.1969 00:00,5.932203389830513
01.12.1969 00:00,6.197183098591557
01.01.1970 00:00,6.179775280898864
01.02.1970 00:00,6.145251396648053
01.03.1970 00:00,5.817174515
01.04.1970 00:00,6.060606060606069
01.05.1970 00:00,6.043956043956053
01.06.1970 00:00,6.010928961748622
01.07.1970 00:00,5.978260869565226
01.08.1970 00:00,5.405405405405405
01.09.1970 00:00,5.660377358490569
01.10.1970 00:00,5.630026809651479
01.11.1970 00:00,5.600000000000003
01.12.1970 00:00,5.570291777188313
01.01.1971 00:00,5.291005291005291
01.02.1971 00:00,4.9999999999999964
01.03.1971 00:00,4.712041884816746
01.04.1971 00:00,4.155844155844159
01.05.1971 00:00,4.404145077720196
01.06.1971 00:00,4.639175258
01.07.1971 00:00,4.358974358974367
01.08.1971 00:00,4.615384615384608
01.09.1971 00:00,4.0816326530612095
01.10.1971 00:00,3.807106598984772
01.11.1971 00:00,3.2828282828282753
01.12.1971 00:00,3.266331658291468
01.01.1972 00:00,3.266331658291468
01.02.1972 00:00,3.5087719298245577
01.03.1972 00:00,3.499999999999996
01.04.1972 00:00,3.491271820448874
01.05.1972 00:00,3.225806451612914
01.06.1972 00:00,2.709359605911333
01.07.1972 00:00,2.9484029484029377
01.08.1972 00:00,2.9411764705882426
01.09.1972 00:00,3.1862745098039325
01.10.1972 00:00,3.422982885085571
01.11.1972 00:00,3.6674816625916873
01.12.1972 00:00,3.406326034063257
01.01.1973 00:00,3.649635036
01.02.1973 00:00,3.8740920096852336
01.03.1973 00:00,4.589371980676325
01.04.1973 00:00,5.060240963855425
01.05.1973 00:00,5.528846153846147
01.06.1973 00:00,5.995203836930455
01.07.1973 00:00,5.7279236276849606
01.08.1973 00:00,7.380952380952384
01.09.1973 00:00,7.363420427553448
01.10.1973 00:00,7.801418439716324
01.11.1973 00:00,8.254716981132077
01.12.1973 00:00,8.705882352941183
01.01.1974 00:00,9.389671361502346
01.02.1974 00:00,10.023310023310033
01.03.1974 00:00,10.392609699769054
01.04.1974 00:00,10.091743119266052
01.05.1974 00:00,10.706150341685657
01.06.1974 00:00,10.859728506787324
01.07.1974 00:00,11.512415349887137
01.08.1974 00:00,10.864745011086471
01.09.1974 00:00,11.946902654867253
01.10.1974 00:00,12.06140350877193
01.11.1974 00:00,12.200435729847497
01.12.1974 00:00,12.337662337662328
01.01.1975 00:00,11.802575107296137
01.02.1975 00:00,11.228813559322028
01.03.1975 00:00,10.251046025104616
01.04.1975 00:00,10.20833333333333
01.05.1975 00:00,9.465020576
01.06.1975 00:00,9.387755102040819
01.07.1975 00:00,9.716599190283409
01.08.1975 00:00,8.599999999999994
01.09.1975 00:00,7.905138339920949
01.10.1975 00:00,7.436399217221129
01.11.1975 00:00,7.378640776699023
01.12.1975 00:00,6.936416184971102
01.01.1976 00:00,6.717850288
01.02.1976 00:00,6.285714286
01.03.1976 00:00,6.072106261859575
01.04.1976 00:00,6.0491493383742965
01.05.1976 00:00,6.203007518796986
01.06.1976 00:00,5.970149253731335
01.07.1976 00:00,5.350553505535053
01.08.1976 00:00,5.709023941068143
01.09.1976 00:00,5.4945054945054945
01.10.1976 00:00,5.464480874
01.11.1976 00:00,4.882459312839065
01.12.1976 00:00,4.864864865
01.01.1977 00:00,5.215827338129494
01.02.1977 00:00,5.913978494623664
01.03.1977 00:00,6.440071556350629
01.04.1977 00:00,6.951871657754008
01.05.1977 00:00,6.725663716814154
01.06.1977 00:00,6.866197183098602
01.07.1977 00:00,6.830122591943956
01.08.1977 00:00,6.620209059233457
01.09.1977 00:00,6.597222222222217
01.10.1977 00:00,6.390328151986188
01.11.1977 00:00,6.724137931034481
01.12.1977 00:00,6.701030927835048
01.01.1978 00:00,6.837606837606838
01.02.1978 00:00,6.4297800338409425
01.03.1978 00:00,6.554621848739493
01.04.1978 00:00,6.499999999999997
01.05.1978 00:00,6.9651741293532385
01.06.1978 00:00,7.413509060955518
01.07.1978 00:00,7.704918032786889
01.08.1978 00:00,7.843137254901955
01.09.1978 00:00,8.306188925081436
01.10.1978 00:00,8.928571428571416
01.11.1978 00:00,8.885298869143792
01.12.1978 00:00,9.017713365539455
01.01.1979 00:00,9.279999999999996
01.02.1979 00:00,9.856915739268674
01.03.1979 00:00,10.094637223974761
01.04.1979 00:00,10.48513302034428
01.05.1979 00:00,10.852713178294573
01.06.1979 00:00,10.88957055214723
01.07.1979 00:00,11.263318112633169
01.08.1979 00:00,11.818181818181813
01.09.1979 00:00,12.18045112781954
01.10.1979 00:00,12.071535022354709
01.11.1979 00:00,12.611275964391691
01.12.1979 00:00,13.293943870014772
01.01.1980 00:00,13.90922401171303
01.02.1980 00:00,14.182344428364708
01.03.1980 00:00,14.756446991404006
01.04.1980 00:00,14.730878186968848
01.05.1980 00:00,14.405594405594401
01.06.1980 00:00,14.384508990318126
01.07.1980 00:00,13.132694938440507
01.08.1980 00:00,12.872628726287264
01.09.1980 00:00,12.600536193029498
01.10.1980 00:00,12.765957446808502
01.11.1980 00:00,12.648221343873509
03.11.1980 00:00,
10.11.1980 00:00,
17.11.1980 00:00,
24.11.1980 00:00,
01.12.1980 00:00,12.516297262059966
08.12.1980 00:00,
15.12.1980 00:00,
22.12.1980 00:00,
29.12.1980 00:00,
01.01.1981 00:00,11.82519280205656
05.01.1981 00:00,
12.01.1981 00:00,
19.01.1981 00:00,
26.01.1981 00:00,
01.02.1981 00:00,11.406844106463877
02.02.1981 00:00,
09.02.1981 00:00,
16.02.1981 00:00,
23.02.1981 00:00,
01.03.1981 00:00,10.486891385767798
02.03.1981 00:00,
09.03.1981 00:00,
16.03.1981 00:00,
23.03.1981 00:00,
30.03.1981 00:00,
01.04.1981 00:00,9.999999999999993
06.04.1981 00:00,
13.04.1981 00:00,
20.04.1981 00:00,
27.04.1981 00:00,
01.05.1981 00:00,9.7799511
04.05.1981 00:00,
11.05.1981 00:00,
18.05.1981 00:00,
25.05.1981 00:00,
01.06.1981 00:00,9.552599758162021
08.06.1981 00:00,
15.06.1981 00:00,
22.06.1981 00:00,
29.06.1981 00:00,
01.07.1981 00:00,10.76178960096734
06.07.1981 00:00,
13.07.1981 00:00,
20.07.1981 00:00,
27.07.1981 00:00,
01.08.1981 00:00,10.804321728691477
03.08.1981 00:00,
10.08.1981 00:00,
17.08.1981 00:00,
24.08.1981 00:00,
31.08.1981 00:00,
01.09.1981 00:00,10.952380952380954
07.09.1981 00:00,
14.09.1981 00:00,
21.09.1981 00:00,
28.09.1981 00:00,
01.10.1981 00:00,10.141509433962275
05.10.1981 00:00,
12.10.1981 00:00,
19.10.1981 00:00,
26.10.1981 00:00,
01.11.1981 00:00,9.590643274853806
02.11.1981 00:00,
09.11.1981 00:00,
16.11.1981 00:00,
23.11.1981 00:00,
30.11.1981 00:00,
01.12.1981 00:00,8.922363847045196
07.12.1981 00:00,
14.12.1981 00:00,
21.12.1981 00:00,
28.12.1981 00:00,
01.01.1982 00:00,8.390804597701147
04.01.1982 00:00,
11.01.1982 00:00,
18.01.1982 00:00,
25.01.1982 00:00,
01.02.1982 00:00,7.622298066
08.02.1982 00:00,
15.02.1982 00:00,
22.02.1982 00:00,
01.03.1982 00:00,6.779661016949152
08.03.1982 00:00,
15.03.1982 00:00,
22.03.1982 00:00,
29.03.1982 00:00,
01.04.1982 00:00,6.509539842873189
05.04.1982 00:00,
12.04.1982 00:00,
19.04.1982 00:00,
26.04.1982 00:00,
01.05.1982 00:00,6.681514477
03.05.1982 00:00,
10.05.1982 00:00,
17.05.1982 00:00,
24.05.1982 00:00,
31.05.1982 00:00,
01.06.1982 00:00,7.064017660044157
07.06.1982 00:00,
14.06.1982 00:00,
21.06.1982 00:00,
28.06.1982 00:00,
01.07.1982 00:00,6.4410480349345045
05.07.1982 00:00,
12.07.1982 00:00,
19.07.1982 00:00,
26.07.1982 00:00,
01.08.1982 00:00,5.850487540628392
02.08.1982 00:00,
09.08.1982 00:00,
16.08.1982 00:00,
23.08.1982 00:00,
30.08.1982 00:00,
01.09.1982 00:00,5.042918454935625
06.09.1982 00:00,
13.09.1982 00:00,
20.09.1982 00:00,
27.09.1982 00:00,
01.10.1982 00:00,5.139186295503208
04.10.1982 00:00,
11.10.1982 00:00,
18.10.1982 00:00,
25.10.1982 00:00,
01.11.1982 00:00,4.589114194236924
08.11.1982 00:00,
15.11.1982 00:00,
22.11.1982 00:00,
29.11.1982 00:00,
01.12.1982 00:00,3.8297872340425467
06.12.1982 00:00,
13.12.1982 00:00,
20.12.1982 00:00,
27.12.1982 00:00,
01.01.1983 00:00,3.711558854718982
03.01.1983 00:00,
10.01.1983 00:00,
17.01.1983 00:00,
24.01.1983 00:00,
31.01.1983 00:00,
01.02.1983 00:00,3.4883720930232682
07.02.1983 00:00,
14.02.1983 00:00,
21.02.1983 00:00,
28.02.1983 00:00,
01.03.1983 00:00,3.597883597883604
07.03.1983 00:00,
14.03.1983 00:00,
21.03.1983 00:00,
28.03.1983 00:00,
01.04.1983 00:00,3.898840885142243
04.04.1983 00:00,
11.04.1983 00:00,
18.04.1983 00:00,
25.04.1983 00:00,
01.05.1983 00:00,3.549060542797501
02.05.1983 00:00,
09.05.1983 00:00,
16.05.1983 00:00,
23.05.1983 00:00,
30.05.1983 00:00,
01.06.1983 00:00,2.5773195876288657
06.06.1983 00:00,
13.06.1983 00:00,
20.06.1983 00:00,
27.06.1983 00:00,
01.07.1983 00:00,2.4615384615384674
04.07.1983 00:00,
11.07.1983 00:00,
18.07.1983 00:00,
25.07.1983 00:00,
01.08.1983 00:00,2.5588536335721597
08.08.1983 00:00,
15.08.1983 00:00,
22.08.1983 00:00,
29.08.1983 00:00,
01.09.1983 00:00,2.8600612870275763
05.09.1983 00:00,
12.09.1983 00:00,
19.09.1983 00:00,
26.09.1983 00:00,
01.10.1983 00:00,2.851323828920567
03.10.1983 00:00,
10.10.1983 00:00,
17.10.1983 00:00,
24.10.1983 00:00,
31.10.1983 00:00,
01.11.1983 00:00,3.2653061224489828
07.11.1983 00:00,
14.11.1983 00:00,
21.11.1983 00:00,
28.11.1983 00:00,
01.12.1983 00:00,3.790983607
05.12.1983 00:00,
12.12.1983 00:00,
19.12.1983 00:00,
26.12.1983 00:00,
01.01.1984 00:00,4.192229038854815
02.01.1984 00:00,
09.01.1984 00:00,
16.01.1984 00:00,
23.01.1984 00:00,
30.01.1984 00:00,
01.02.1984 00:00,4.596527068
06.02.1984 00:00,
13.02.1984 00:00,
20.02.1984 00:00,
27.02.1984 00:00,
01.03.1984 00:00,4.800817160367711
05.03.1984 00:00,
12.03.1984 00:00,
19.03.1984 00:00,
26.03.1984 00:00,
01.04.1984 00:00,4.563894523326572
02.04.1984 00:00,
09.04.1984 00:00,
16.04.1984 00:00,
23.04.1984 00:00,
30.04.1984 00:00,
01.05.1984 00:00,4.233870967741938
07.05.1984 00:00,
14.05.1984 00:00,
21.05.1984 00:00,
28.05.1984 00:00,
01.06.1984 00:00,4.221105527638193
04.06.1984 00:00,
11.06.1984 00:00,
18.06.1984 00:00,
25.06.1984 00:00,
01.07.1984 00:00,4.204204204204193
02.07.1984 00:00,
09.07.1984 00:00,
16.07.1984 00:00,
23.07.1984 00:00,
30.07.1984 00:00,
01.08.1984 00:00,4.291417165668659
06.08.1984 00:00,
13.08.1984 00:00,
20.08.1984 00:00,
27.08.1984 00:00,
01.09.1984 00:00,4.270109235352529
03.09.1984 00:00,
10.09.1984 00:00,
17.09.1984 00:00,
24.09.1984 00:00,
01.10.1984 00:00,4.257425742574254
08.10.1984 00:00,
15.10.1984 00:00,
22.10.1984 00:00,
29.10.1984 00:00,
01.11.1984 00:00,4.051383399
05.11.1984 00:00,
12.11.1984 00:00,
19.11.1984 00:00,
26.11.1984 00:00,
01.12.1984 00:00,3.948667324777887
03.12.1984 00:00,
10.12.1984 00:00,
17.12.1984 00:00,
24.12.1984 00:00,
31.12.1984 00:00,
01.01.1985 00:00,3.532875368007845
07.01.1985 00:00,
14.01.1985 00:00,
21.01.1985 00:00,
28.01.1985 00:00,
01.02.1985 00:00,3.5156249999999947
04.02.1985 00:00,
11.02.1985 00:00,
18.02.1985 00:00,
25.02.1985 00:00,
01.03.1985 00:00,3.7037037037037153
04.03.1985 00:00,
11.03.1985 00:00,
18.03.1985 00:00,
25.03.1985 00:00,
01.04.1985 00:00,3.685741998060147
08.04.1985 00:00,
15.04.1985 00:00,
22.04.1985 00:00,
29.04.1985 00:00,
01.05.1985 00:00,3.771760155
06.05.1985 00:00,
13.05.1985 00:00,
20.05.1985 00:00,
27.05.1985 00:00,
01.06.1985 00:00,3.760848601735768
03.06.1985 00:00,
10.06.1985 00:00,
17.06.1985 00:00,
24.06.1985 00:00,
01.07.1985 00:00,3.554274735830935
08.07.1985 00:00,
15.07.1985 00:00,
22.07.1985 00:00,
29.07.1985 00:00,
01.08.1985 00:00,3.349282296650718
05.08.1985 00:00,
12.08.1985 00:00,
19.08.1985 00:00,
26.08.1985 00:00,
01.09.1985 00:00,3.142857143
02.09.1985 00:00,
09.09.1985 00:00,
16.09.1985 00:00,
23.09.1985 00:00,
30.09.1985 00:00,
01.10.1985 00:00,3.228869895536568
07.10.1985 00:00,
14.10.1985 00:00,
21.10.1985 00:00,
28.10.1985 00:00,
01.11.1985 00:00,3.5137701804368495
04.11.1985 00:00,
11.11.1985 00:00,
18.11.1985 00:00,
25.11.1985 00:00,
01.12.1985 00:00,3.798670465337132
02.12.1985 00:00,
09.12.1985 00:00,
16.12.1985 00:00,
23.12.1985 00:00,
30.12.1985 00:00,
01.01.1986 00:00,3.8862559241706105
06.01.1986 00:00,
13.01.1986 00:00,
20.01.1986 00:00,
27.01.1986 00:00,
01.02.1986 00:00,3.1132075471698086
03.02.1986 00:00,
10.02.1986 00:00,
17.02.1986 00:00,
24.02.1986 00:00,
01.03.1986 00:00,2.255639097744353
03.03.1986 00:00,
10.03.1986 00:00,
17.03.1986 00:00,
24.03.1986 00:00,
31.03.1986 00:00,
01.04.1986 00:00,1.5902712815715516
07.04.1986 00:00,
14.04.1986 00:00,
21.04.1986 00:00,
28.04.1986 00:00,
01.05.1986 00:00,1.4911463187325336
05.05.1986 00:00,
12.05.1986 00:00,
19.05.1986 00:00,
26.05.1986 00:00,
01.06.1986 00:00,1.7657992565055816
02.06.1986 00:00,
09.06.1986 00:00,
16.06.1986 00:00,
23.06.1986 00:00,
30.06.1986 00:00,
01.07.1986 00:00,1.5769944341372937
07.07.1986 00:00,
14.07.1986 00:00,
21.07.1986 00:00,
28.07.1986 00:00,
01.08.1986 00:00,1.5740740740740766
04.08.1986 00:00,
11.08.1986 00:00,
18.08.1986 00:00,
25.08.1986 00:00,
01.09.1986 00:00,1.7543859649122862
08.09.1986 00:00,
15.09.1986 00:00,
22.09.1986 00:00,
29.09.1986 00:00,
01.10.1986 00:00,1.4719411223551007
06.10.1986 00:00,
13.10.1986 00:00,
20.10.1986 00:00,
27.10.1986 00:00,
01.11.1986 00:00,1.2844036697247758
03.11.1986 00:00,
10.11.1986 00:00,
17.11.1986 00:00,
24.11.1986 00:00,
01.12.1986 00:00,1.0978956999085112
08.12.1986 00:00,
15.12.1986 00:00,
22.12.1986 00:00,
29.12.1986 00:00,
01.01.1987 00:00,1.4598540145985481
05.01.1987 00:00,
12.01.1987 00:00,
19.01.1987 00:00,
26.01.1987 00:00,
01.02.1987 00:00,2.104300091491306
02.02.1987 00:00,
09.02.1987 00:00,
16.02.1987 00:00,
23.02.1987 00:00,
01.03.1987 00:00,3.033088235294115
02.03.1987 00:00,
09.03.1987 00:00,
16.03.1987 00:00,
23.03.1987 00:00,
30.03.1987 00:00,
01.04.1987 00:00,3.7753222836095843
06.04.1987 00:00,
13.04.1987 00:00,
20.04.1987 00:00,
27.04.1987 00:00,
01.05.1987 00:00,3.8567493112947555
04.05.1987 00:00,
11.05.1987 00:00,
18.05.1987 00:00,
25.05.1987 00:00,
01.06.1987 00:00,3.652968037
08.06.1987 00:00,
15.06.1987 00:00,
22.06.1987 00:00,
29.06.1987 00:00,
01.07.1987 00:00,3.9269406392694037
06.07.1987 00:00,
13.07.1987 00:00,
20.07.1987 00:00,
27.07.1987 00:00,
01.08.1987 00:00,4.284412032816776
03.08.1987 00:00,
10.08.1987 00:00,
17.08.1987 00:00,
24.08.1987 00:00,
31.08.1987 00:00,
01.09.1987 00:00,4.355716878402901
07.09.1987 00:00,
14.09.1987 00:00,
21.09.1987 00:00,
28.09.1987 00:00,
01.10.1987 00:00,4.533091568449683
05.10.1987 00:00,
12.10.1987 00:00,
19.10.1987 00:00,
26.10.1987 00:00,
01.11.1987 00:00,4.528985507246377
02.11.1987 00:00,
09.11.1987 00:00,
16.11.1987 00:00,
23.11.1987 00:00,
30.11.1987 00:00,
01.12.1987 00:00,4.434389140271498
07.12.1987 00:00,
14.12.1987 00:00,
21.12.1987 00:00,
28.12.1987 00:00,
01.01.1988 00:00,4.046762589928058
04.01.1988 00:00,
11.01.1988 00:00,
18.01.1988 00:00,
25.01.1988 00:00,
01.02.1988 00:00,3.942652329749109
08.02.1988 00:00,
15.02.1988 00:00,
22.02.1988 00:00,
29.02.1988 00:00,
01.03.1988 00:00,3.9250669045495146
07.03.1988 00:00,
14.03.1988 00:00,
21.03.1988 00:00,
28.03.1988 00:00,
01.04.1988 00:00,3.9041703637976855
04.04.1988 00:00,
11.04.1988 00:00,
18.04.1988 00:00,
25.04.1988 00:00,
01.05.1988 00:00,3.8903625110521713
02.05.1988 00:00,
09.05.1988 00:00,
16.05.1988 00:00,
23.05.1988 00:00,
30.05.1988 00:00,
01.06.1988 00:00,3.9647577092511015
06.06.1988 00:00,
13.06.1988 00:00,
20.06.1988 00:00,
27.06.1988 00:00,
01.07.1988 00:00,4.1300527240773315
04.07.1988 00:00,
11.07.1988 00:00,
18.07.1988 00:00,
25.07.1988 00:00,
01.08.1988 00:00,4.020979020979016
08.08.1988 00:00,
15.08.1988 00:00,
22.08.1988 00:00,
29.08.1988 00:00,
01.09.1988 00:00,4.173913043478258
05.09.1988 00:00,
12.09.1988 00:00,
19.09.1988 00:00,
26.09.1988 00:00,
01.10.1988 00:00,4.249783174327845
03.10.1988 00:00,
10.10.1988 00:00,
17.10.1988 00:00,
24.10.1988 00:00,
31.10.1988 00:00,
01.11.1988 00:00,4.2461005199306685
07.11.1988 00:00,
14.11.1988 00:00,
21.11.1988 00:00,
28.11.1988 00:00,
01.12.1988 00:00,4.4194107452339635
05.12.1988 00:00,
12.12.1988 00:00,
19.12.1988 00:00,
26.12.1988 00:00,
01.01.1989 00:00,4.667242869490053
02.01.1989 00:00,
09.01.1989 00:00,
16.01.1989 00:00,
23.01.1989 00:00,
30.01.1989 00:00,
01.02.1989 00:00,4.827586206896547
06.02.1989 00:00,
13.02.1989 00:00,
20.02.1989 00:00,
27.02.1989 00:00,
01.03.1989 00:00,4.978540772532186
06.03.1989 00:00,
13.03.1989 00:00,
20.03.1989 00:00,
27.03.1989 00:00,
01.04.1989 00:00,5.123825789923143
03.04.1989 00:00,
10.04.1989 00:00,
17.04.1989 00:00,
24.04.1989 00:00,
01.05.1989 00:00,5.361702127659572
08.05.1989 00:00,
15.05.1989 00:00,
22.05.1989 00:00,
29.05.1989 00:00,
01.06.1989 00:00,5.169491525423724
05.06.1989 00:00,
12.06.1989 00:00,
19.06.1989 00:00,
26.06.1989 00:00,
01.07.1989 00:00,4.978902953586503
03.07.1989 00:00,
10.07.1989 00:00,
17.07.1989 00:00,
24.07.1989 00:00,
31.07.1989 00:00,
01.08.1989 00:00,4.705882352941171
07.08.1989 00:00,
14.08.1989 00:00,
21.08.1989 00:00,
28.08.1989 00:00,
01.09.1989 00:00,4.340567612687816
04.09.1989 00:00,
11.09.1989 00:00,
18.09.1989 00:00,
25.09.1989 00:00,
01.10.1989 00:00,4.492512479201324
02.10.1989 00:00,
09.10.1989 00:00,
16.10.1989 00:00,
23.10.1989 00:00,
30.10.1989 00:00,
01.11.1989 00:00,4.655029093931844
06.11.1989 00:00,
13.11.1989 00:00,
20.11.1989 00:00,
27.11.1989 00:00,
01.12.1989 00:00,4.647302905
04.12.1989 00:00,
11.12.1989 00:00,
18.12.1989 00:00,
25.12.1989 00:00,
01.01.1990 00:00,5.202312138728334
08.01.1990 00:00,
15.01.1990 00:00,
22.01.1990 00:00,
29.01.1990 00:00,
01.02.1990 00:00,5.263157894736848
05.02.1990 00:00,
12.02.1990 00:00,
19.02.1990 00:00,
26.02.1990 00:00,
01.03.1990 00:00,5.233033524121007
05.03.1990 00:00,
12.03.1990 00:00,
19.03.1990 00:00,
26.03.1990 00:00,
01.04.1990 00:00,4.711616572
02.04.1990 00:00,
09.04.1990 00:00,
16.04.1990 00:00,
23.04.1990 00:00,
30.04.1990 00:00,
01.05.1990 00:00,4.36187399
07.05.1990 00:00,
14.05.1990 00:00,
21.05.1990 00:00,
28.05.1990 00:00,
01.06.1990 00:00,4.673650282
04.06.1990 00:00,
11.06.1990 00:00,
18.06.1990 00:00,
25.06.1990 00:00,
01.07.1990 00:00,4.823151125401929
02.07.1990 00:00,
09.07.1990 00:00,
16.07.1990 00:00,
23.07.1990 00:00,
30.07.1990 00:00,
01.08.1990 00:00,5.617977528089888
06.08.1990 00:00,
13.08.1990 00:00,
20.08.1990 00:00,
27.08.1990 00:00,
01.09.1990 00:00,6.159999999999991
03.09.1990 00:00,
10.09.1990 00:00,
17.09.1990 00:00,
24.09.1990 00:00,
01.10.1990 00:00,6.2898089171974565
08.10.1990 00:00,
15.10.1990 00:00,
22.10.1990 00:00,
29.10.1990 00:00,
01.11.1990 00:00,6.274821286735508
05.11.1990 00:00,
12.11.1990 00:00,
19.11.1990 00:00,
26.11.1990 00:00,
01.12.1990 00:00,6.106264869151481
03.12.1990 00:00,
10.12.1990 00:00,
17.12.1990 00:00,
24.12.1990 00:00,
31.12.1990 00:00,
01.01.1991 00:00,5.651491365777071
07.01.1991 00:00,
14.01.1991 00:00,
21.01.1991 00:00,
28.01.1991 00:00,
01.02.1991 00:00,5.312500000000009
04.02.1991 00:00,
11.02.1991 00:00,
18.02.1991 00:00,
25.02.1991 00:00,
01.03.1991 00:00,4.895104895104904
04.03.1991 00:00,
11.03.1991 00:00,
18.03.1991 00:00,
25.03.1991 00:00,
01.04.1991 00:00,4.887509697439862
08.04.1991 00:00,
15.04.1991 00:00,
22.04.1991 00:00,
29.04.1991 00:00,
01.05.1991 00:00,4.953560371517033
06.05.1991 00:00,
13.05.1991 00:00,
20.05.1991 00:00,
27.05.1991 00:00,
01.06.1991 00:00,4.695919938
03.06.1991 00:00,
10.06.1991 00:00,
17.06.1991 00:00,
24.06.1991 00:00,
01.07.1991 00:00,4.4478527607361835
08.07.1991 00:00,
15.07.1991 00:00,
22.07.1991 00:00,
29.07.1991 00:00,
01.08.1991 00:00,3.7993920972644375
05.08.1991 00:00,
12.08.1991 00:00,
19.08.1991 00:00,
26.08.1991 00:00,
01.09.1991 00:00,3.391107761868877
02.09.1991 00:00,
09.09.1991 00:00,
16.09.1991 00:00,
23.09.1991 00:00,
30.09.1991 00:00,
01.10.1991 00:00,2.921348314606746
07.10.1991 00:00,
14.10.1991 00:00,
21.10.1991 00:00,
28.10.1991 00:00,
01.11.1991 00:00,2.9895366218236172
04.11.1991 00:00,
11.11.1991 00:00,
18.11.1991 00:00,
25.11.1991 00:00,
01.12.1991 00:00,3.064275037369203
02.12.1991 00:00,
09.12.1991 00:00,
16.12.1991 00:00,
23.12.1991 00:00,
30.12.1991 00:00,
01.01.1992 00:00,2.600297176820208
06.01.1992 00:00,
13.01.1992 00:00,
20.01.1992 00:00,
27.01.1992 00:00,
01.02.1992 00:00,2.8189910979228356
03.02.1992 00:00,
10.02.1992 00:00,
17.02.1992 00:00,
24.02.1992 00:00,
01.03.1992 00:00,3.1851851851851936
02.03.1992 00:00,
09.03.1992 00:00,
16.03.1992 00:00,
23.03.1992 00:00,
30.03.1992 00:00,
01.04.1992 00:00,3.1804733727810737
06.04.1992 00:00,
13.04.1992 00:00,
20.04.1992 00:00,
27.04.1992 00:00,
01.05.1992 00:00,3.023598820058993
04.05.1992 00:00,
11.05.1992 00:00,
18.05.1992 00:00,
25.05.1992 00:00,
01.06.1992 00:00,3.0882352941176388
08.06.1992 00:00,
15.06.1992 00:00,
22.06.1992 00:00,
29.06.1992 00:00,
01.07.1992 00:00,3.1571218795888485
06.07.1992 00:00,
13.07.1992 00:00,
20.07.1992 00:00,
27.07.1992 00:00,
01.08.1992 00:00,3.147877013177168
03.08.1992 00:00,
10.08.1992 00:00,
17.08.1992 00:00,
24.08.1992 00:00,
31.08.1992 00:00,
01.09.1992 00:00,2.988338192419842
07.09.1992 00:00,
14.09.1992 00:00,
21.09.1992 00:00,
28.09.1992 00:00,
01.10.1992 00:00,3.2023289665211103
05.10.1992 00:00,
12.10.1992 00:00,
19.10.1992 00:00,
26.10.1992 00:00,
01.11.1992 00:00,3.047895500725681
02.11.1992 00:00,
09.11.1992 00:00,
16.11.1992 00:00,
23.11.1992 00:00,
30.11.1992 00:00,
01.12.1992 00:00,2.9006526468455403
07.12.1992 00:00,
14.12.1992 00:00,
21.12.1992 00:00,
28.12.1992 00:00,
01.01.1993 00:00,3.258508327299059
04.01.1993 00:00,
11.01.1993 00:00,
18.01.1993 00:00,
25.01.1993 00:00,
01.02.1993 00:00,3.246753246753247
08.02.1993 00:00,
15.02.1993 00:00,
22.02.1993 00:00,
01.03.1993 00:00,3.086862885857848
08.03.1993 00:00,
15.03.1993 00:00,
22.03.1993 00:00,
29.03.1993 00:00,
01.04.1993 00:00,3.225806451612903
05.04.1993 00:00,
12.04.1993 00:00,
19.04.1993 00:00,
26.04.1993 00:00,
01.05.1993 00:00,3.2211882605583395
03.05.1993 00:00,
10.05.1993 00:00,
17.05.1993 00:00,
24.05.1993 00:00,
31.05.1993 00:00,
01.06.1993 00:00,2.995720399429399
07.06.1993 00:00,
14.06.1993 00:00,
21.06.1993 00:00,
28.06.1993 00:00,
01.07.1993 00:00,2.775800711743776
05.07.1993 00:00,
12.07.1993 00:00,
19.07.1993 00:00,
26.07.1993 00:00,
01.08.1993 00:00,2.767920511000714
02.08.1993 00:00,
09.08.1993 00:00,
16.08.1993 00:00,
23.08.1993 00:00,
30.08.1993 00:00,
01.09.1993 00:00,2.689313517338983
06.09.1993 00:00,
13.09.1993 00:00,
20.09.1993 00:00,
27.09.1993 00:00,
01.10.1993 00:00,2.7503526093088695
04.10.1993 00:00,
11.10.1993 00:00,
18.10.1993 00:00,
25.10.1993 00:00,
01.11.1993 00:00,2.676056338028177
08.11.1993 00:00,
15.11.1993 00:00,
22.11.1993 00:00,
29.11.1993 00:00,
01.12.1993 00:00,2.748414376321357
06.12.1993 00:00,
13.12.1993 00:00,
20.12.1993 00:00,
27.12.1993 00:00,
01.01.1994 00:00,2.524544179523138
03.01.1994 00:00,
10.01.1994 00:00,
17.01.1994 00:00,
24.01.1994 00:00,
31.01.1994 00:00,
01.02.1994 00:00,2.5157232704402475
07.02.1994 00:00,
14.02.1994 00:00,
21.02.1994 00:00,
28.02.1994 00:00,
01.03.1994 00:00,2.506963788300832
07.03.1994 00:00,
14.03.1994 00:00,
21.03.1994 00:00,
28.03.1994 00:00,
01.04.1994 00:00,2.361111111111115
04.04.1994 00:00,
11.04.1994 00:00,
18.04.1994 00:00,
25.04.1994 00:00,
01.05.1994 00:00,2.2884882108183158
02.05.1994 00:00,
09.05.1994 00:00,
16.05.1994 00:00,
23.05.1994 00:00,
30.05.1994 00:00,
01.06.1994 00:00,2.4930747922437635
06.06.1994 00:00,
13.06.1994 00:00,
20.06.1994 00:00,
27.06.1994 00:00,
01.07.1994 00:00,2.7700831024930745
04.07.1994 00:00,
11.07.1994 00:00,
18.07.1994 00:00,
25.07.1994 00:00,
01.08.1994 00:00,2.9005524861878373
08.08.1994 00:00,
15.08.1994 00:00,
22.08.1994 00:00,
29.08.1994 00:00,
01.09.1994 00:00,2.9634734665747837
05.09.1994 00:00,
12.09.1994 00:00,
19.09.1994 00:00,
26.09.1994 00:00,
01.10.1994 00:00,2.608098833218951
03.10.1994 00:00,
10.10.1994 00:00,
17.10.1994 00:00,
24.10.1994 00:00,
31.10.1994 00:00,
01.11.1994 00:00,2.6748971193415483
07.11.1994 00:00,
14.11.1994 00:00,
21.11.1994 00:00,
28.11.1994 00:00,
01.12.1994 00:00,2.6748971193415483
05.12.1994 00:00,
12.12.1994 00:00,
19.12.1994 00:00,
26.12.1994 00:00,
01.01.1995 00:00,2.804377564979496
02.01.1995 00:00,
09.01.1995 00:00,
16.01.1995 00:00,
23.01.1995 00:00,
30.01.1995 00:00,
01.02.1995 00:00,2.8629856850715862
06.02.1995 00:00,
13.02.1995 00:00,
20.02.1995 00:00,
27.02.1995 00:00,
01.03.1995 00:00,2.8532608695652293
06.03.1995 00:00,
13.03.1995 00:00,
20.03.1995 00:00,
27.03.1995 00:00,
01.04.1995 00:00,3.0529172320217097
03.04.1995 00:00,
10.04.1995 00:00,
17.04.1995 00:00,
24.04.1995 00:00,
01.05.1995 00:00,3.1864406779660936
08.05.1995 00:00,
15.05.1995 00:00,
22.05.1995 00:00,
29.05.1995 00:00,
01.06.1995 00:00,3.040540540540541
05.06.1995 00:00,
12.06.1995 00:00,
19.06.1995 00:00,
26.06.1995 00:00,
01.07.1995 00:00,2.762803234501344
03.07.1995 00:00,
10.07.1995 00:00,
17.07.1995 00:00,
24.07.1995 00:00,
31.07.1995 00:00,
01.08.1995 00:00,2.617449664429534
07.08.1995 00:00,
14.08.1995 00:00,
21.08.1995 00:00,
28.08.1995 00:00,
01.09.1995 00:00,2.5435073627844598
04.09.1995 00:00,
11.09.1995 00:00,
18.09.1995 00:00,
25.09.1995 00:00,
01.10.1995 00:00,2.8093645484949756
02.10.1995 00:00,
09.10.1995 00:00,
16.10.1995 00:00,
23.10.1995 00:00,
30.10.1995 00:00,
01.11.1995 00:00,2.6052104208416873
06.11.1995 00:00,
13.11.1995 00:00,
20.11.1995 00:00,
27.11.1995 00:00,
01.12.1995 00:00,2.5384101536406223
04.12.1995 00:00,
11.12.1995 00:00,
18.12.1995 00:00,
25.12.1995 00:00,
01.01.1996 00:00,2.7278775781769755
08.01.1996 00:00,
15.01.1996 00:00,
22.01.1996 00:00,
29.01.1996 00:00,
01.02.1996 00:00,2.650762094102054
05.02.1996 00:00,
12.02.1996 00:00,
19.02.1996 00:00,
26.02.1996 00:00,
01.03.1996 00:00,2.84015852
04.03.1996 00:00,
11.03.1996 00:00,
18.03.1996 00:00,
25.03.1996 00:00,
01.04.1996 00:00,2.8966425279789374
08.04.1996 00:00,
15.04.1996 00:00,
22.04.1996 00:00,
29.04.1996 00:00,
01.05.1996 00:00,2.890932982917218
06.05.1996 00:00,
13.05.1996 00:00,
20.05.1996 00:00,
27.05.1996 00:00,
01.06.1996 00:00,2.754098361
03.06.1996 00:00,
10.06.1996 00:00,
17.06.1996 00:00,
24.06.1996 00:00,
01.07.1996 00:00,2.9508196721311477
08.07.1996 00:00,
15.07.1996 00:00,
22.07.1996 00:00,
29.07.1996 00:00,
01.08.1996 00:00,2.877697841726622
05.08.1996 00:00,
12.08.1996 00:00,
19.08.1996 00:00,
26.08.1996 00:00,
01.09.1996 00:00,3.002610966057456
02.09.1996 00:00,
09.09.1996 00:00,
16.09.1996 00:00,
23.09.1996 00:00,
30.09.1996 00:00,
01.10.1996 00:00,2.992843201041004
07.10.1996 00:00,
14.10.1996 00:00,
21.10.1996 00:00,
28.10.1996 00:00,
01.11.1996 00:00,3.2552083333333335
04.11.1996 00:00,
11.11.1996 00:00,
18.11.1996 00:00,
25.11.1996 00:00,
01.12.1996 00:00,3.3224755700325694
02.12.1996 00:00,
09.12.1996 00:00,
16.12.1996 00:00,
23.12.1996 00:00,
30.12.1996 00:00,
01.01.1997 00:00,3.0440414507771947
06.01.1997 00:00,
13.01.1997 00:00,
20.01.1997 00:00,
27.01.1997 00:00,
01.02.1997 00:00,3.034215622982562
03.02.1997 00:00,
10.02.1997 00:00,
17.02.1997 00:00,
24.02.1997 00:00,
01.03.1997 00:00,2.761721258831093
03.03.1997 00:00,
10.03.1997 00:00,
17.03.1997 00:00,
24.03.1997 00:00,
31.03.1997 00:00,
01.04.1997 00:00,2.4952015355086226
07.04.1997 00:00,
14.04.1997 00:00,
21.04.1997 00:00,
28.04.1997 00:00,
01.05.1997 00:00,2.234993614303959
05.05.1997 00:00,
12.05.1997 00:00,
19.05.1997 00:00,
26.05.1997 00:00,
01.06.1997 00:00,2.2973835354180108
02.06.1997 00:00,
09.06.1997 00:00,
16.06.1997 00:00,
23.06.1997 00:00,
30.06.1997 00:00,
01.07.1997 00:00,2.229299363057325
07.07.1997 00:00,
14.07.1997 00:00,
21.07.1997 00:00,
28.07.1997 00:00,
01.08.1997 00:00,2.2250476795931338
04.08.1997 00:00,
11.08.1997 00:00,
18.08.1997 00:00,
25.08.1997 00:00,
01.09.1997 00:00,2.154626108998718
08.09.1997 00:00,
15.09.1997 00:00,
22.09.1997 00:00,
29.09.1997 00:00,
01.10.1997 00:00,2.0846493998736464
06.10.1997 00:00,
13.10.1997 00:00,
20.10.1997 00:00,
27.10.1997 00:00,
01.11.1997 00:00,1.8284993694829796
03.11.1997 00:00,
10.11.1997 00:00,
17.11.1997 00:00,
24.11.1997 00:00,
01.12.1997 00:00,1.7023959646910576
08.12.1997 00:00,
15.12.1997 00:00,
22.12.1997 00:00,
29.12.1997 00:00,
01.01.1998 00:00,1.571338780641106
05.01.1998 00:00,
12.01.1998 00:00,
19.01.1998 00:00,
26.01.1998 00:00,
01.02.1998 00:00,1.4411027568922379
02.02.1998 00:00,
09.02.1998 00:00,
16.02.1998 00:00,
23.02.1998 00:00,
01.03.1998 00:00,1.374999999999993
02.03.1998 00:00,
09.03.1998 00:00,
16.03.1998 00:00,
23.03.1998 00:00,
30.03.1998 00:00,
01.04.1998 00:00,1.435705368289645
06.04.1998 00:00,
13.04.1998 00:00,
20.04.1998 00:00,
27.04.1998 00:00,
01.05.1998 00:00,1.686445971267968
04.05.1998 00:00,
11.05.1998 00:00,
18.05.1998 00:00,
25.05.1998 00:00,
01.06.1998 00:00,1.6843418590143409
08.06.1998 00:00,
15.06.1998 00:00,
22.06.1998 00:00,
29.06.1998 00:00,
01.07.1998 00:00,1.6822429906541985
06.07.1998 00:00,
13.07.1998 00:00,
20.07.1998 00:00,
27.07.1998 00:00,
01.08.1998 00:00,1.6169154228855687
03.08.1998 00:00,
10.08.1998 00:00,
17.08.1998 00:00,
24.08.1998 00:00,
31.08.1998 00:00,
01.09.1998 00:00,1.4888337468982666
07.09.1998 00:00,
14.09.1998 00:00,
21.09.1998 00:00,
28.09.1998 00:00,
01.10.1998 00:00,1.4851485148514887
05.10.1998 00:00,
12.10.1998 00:00,
19.10.1998 00:00,
26.10.1998 00:00,
01.11.1998 00:00,1.5479876160990713
02.11.1998 00:00,
09.11.1998 00:00,
16.11.1998 00:00,
23.11.1998 00:00,
30.11.1998 00:00,
01.12.1998 00:00,1.6119032858028484
07.12.1998 00:00,
14.12.1998 00:00,
21.12.1998 00:00,
28.12.1998 00:00,
01.01.1999 00:00,1.6707920792079314
04.01.1999 00:00,
11.01.1999 00:00,
18.01.1999 00:00,
25.01.1999 00:00,
01.02.1999 00:00,1.6059295861642953
08.02.1999 00:00,
15.02.1999 00:00,
22.02.1999 00:00,
01.03.1999 00:00,1.7262638717632623
08.03.1999 00:00,
15.03.1999 00:00,
22.03.1999 00:00,
29.03.1999 00:00,
01.04.1999 00:00,2.2769230769230697
05.04.1999 00:00,
12.04.1999 00:00,
19.04.1999 00:00,
26.04.1999 00:00,
01.05.1999 00:00,2.0884520884520743
03.05.1999 00:00,
10.05.1999 00:00,
17.05.1999 00:00,
24.05.1999 00:00,
31.05.1999 00:00,
01.06.1999 00:00,1.9631901840490729
07.06.1999 00:00,
14.06.1999 00:00,
21.06.1999 00:00,
28.06.1999 00:00,
01.07.1999 00:00,2.144607843137255
05.07.1999 00:00,
12.07.1999 00:00,
19.07.1999 00:00,
26.07.1999 00:00,
01.08.1999 00:00,2.2643818849449135
02.08.1999 00:00,
09.08.1999 00:00,
16.08.1999 00:00,
23.08.1999 00:00,
30.08.1999 00:00,
01.09.1999 00:00,2.6283618581907158
06.09.1999 00:00,
13.09.1999 00:00,
20.09.1999 00:00,
27.09.1999 00:00,
01.10.1999 00:00,2.5609756097560905
04.10.1999 00:00,
11.10.1999 00:00,
18.10.1999 00:00,
25.10.1999 00:00,
01.11.1999 00:00,2.621951219512202
08.11.1999 00:00,
15.11.1999 00:00,
22.11.1999 00:00,
29.11.1999 00:00,
01.12.1999 00:00,2.684563758389265
06.12.1999 00:00,
13.12.1999 00:00,
20.12.1999 00:00,
27.12.1999 00:00,
01.01.2000 00:00,2.7388922702373706
03.01.2000 00:00,
10.01.2000 00:00,
17.01.2000 00:00,
24.01.2000 00:00,
31.01.2000 00:00,
01.02.2000 00:00,3.221884498
07.02.2000 00:00,
14.02.2000 00:00,
21.02.2000 00:00,
28.02.2000 00:00,
01.03.2000 00:00,3.7575757575757507
06.03.2000 00:00,
13.03.2000 00:00,
20.03.2000 00:00,
27.03.2000 00:00,
01.04.2000 00:00,3.0685920577617467
03.04.2000 00:00,
10.04.2000 00:00,
17.04.2000 00:00,
24.04.2000 00:00,
01.05.2000 00:00,3.1889290012033764
08.05.2000 00:00,
15.05.2000 00:00,
22.05.2000 00:00,
29.05.2000 00:00,
01.06.2000 00:00,3.7304452466907447
05.06.2000 00:00,
12.06.2000 00:00,
19.06.2000 00:00,
26.06.2000 00:00,
01.07.2000 00:00,3.659268146
03.07.2000 00:00,
10.07.2000 00:00,
17.07.2000 00:00,
24.07.2000 00:00,
31.07.2000 00:00,
01.08.2000 00:00,3.4111310592459705
07.08.2000 00:00,
14.08.2000 00:00,
21.08.2000 00:00,
28.08.2000 00:00,
01.09.2000 00:00,3.454437164979144
04.09.2000 00:00,
11.09.2000 00:00,
18.09.2000 00:00,
25.09.2000 00:00,
01.10.2000 00:00,3.4482758620689724
02.10.2000 00:00,
09.10.2000 00:00,
16.10.2000 00:00,
23.10.2000 00:00,
30.10.2000 00:00,
01.11.2000 00:00,3.4462269756387296
06.11.2000 00:00,
13.11.2000 00:00,
20.11.2000 00:00,
27.11.2000 00:00,
01.12.2000 00:00,3.386809269162203
04.12.2000 00:00,
11.12.2000 00:00,
18.12.2000 00:00,
25.12.2000 00:00,
01.01.2001 00:00,3.732227488151649
08.01.2001 00:00,
15.01.2001 00:00,
22.01.2001 00:00,
29.01.2001 00:00,
01.02.2001 00:00,3.533568904593639
05.02.2001 00:00,
12.02.2001 00:00,
19.02.2001 00:00,
26.02.2001 00:00,
01.03.2001 00:00,2.9205607476635516
05.03.2001 00:00,
12.03.2001 00:00,
19.03.2001 00:00,
26.03.2001 00:00,
01.04.2001 00:00,3.2691185055458227
02.04.2001 00:00,
09.04.2001 00:00,
16.04.2001 00:00,
23.04.2001 00:00,
30.04.2001 00:00,
01.05.2001 00:00,3.6151603498542206
07.05.2001 00:00,
14.05.2001 00:00,
21.05.2001 00:00,
28.05.2001 00:00,
01.06.2001 00:00,3.2482598607888593
04.06.2001 00:00,
11.06.2001 00:00,
18.06.2001 00:00,
25.06.2001 00:00,
01.07.2001 00:00,2.719907407407401
02.07.2001 00:00,
09.07.2001 00:00,
16.07.2001 00:00,
23.07.2001 00:00,
30.07.2001 00:00,
01.08.2001 00:00,2.719907407407401
06.08.2001 00:00,
13.08.2001 00:00,
20.08.2001 00:00,
27.08.2001 00:00,
01.09.2001 00:00,2.6482440990213143
03.09.2001 00:00,
10.09.2001 00:00,
17.09.2001 00:00,
24.09.2001 00:00,
01.10.2001 00:00,2.126436781609189
08.10.2001 00:00,
15.10.2001 00:00,
22.10.2001 00:00,
29.10.2001 00:00,
01.11.2001 00:00,1.8954623779437172
05.11.2001 00:00,
12.11.2001 00:00,
19.11.2001 00:00,
26.11.2001 00:00,
01.12.2001 00:00,1.5517241379310278
03.12.2001 00:00,
10.12.2001 00:00,
17.12.2001 00:00,
24.12.2001 00:00,
31.12.2001 00:00,
01.01.2002 00:00,1.1422044545973729
07.01.2002 00:00,
14.01.2002 00:00,
21.01.2002 00:00,
28.01.2002 00:00,
01.02.2002 00:00,1.1376564277588168
04.02.2002 00:00,
11.02.2002 00:00,
18.02.2002 00:00,
25.02.2002 00:00,
01.03.2002 00:00,1.4755959137344057
04.03.2002 00:00,
11.03.2002 00:00,
18.03.2002 00:00,
25.03.2002 00:00,
01.04.2002 00:00,1.6393442622950851
08.04.2002 00:00,
15.04.2002 00:00,
22.04.2002 00:00,
29.04.2002 00:00,
01.05.2002 00:00,1.1817670230726072
06.05.2002 00:00,
13.05.2002 00:00,
20.05.2002 00:00,
27.05.2002 00:00,
01.06.2002 00:00,1.067415730337082
03.06.2002 00:00,
10.06.2002 00:00,
17.06.2002 00:00,
24.06.2002 00:00,
01.07.2002 00:00,1.4647887323943631
08.07.2002 00:00,
15.07.2002 00:00,
22.07.2002 00:00,
29.07.2002 00:00,
01.08.2002 00:00,1.8028169014084443
05.08.2002 00:00,
12.08.2002 00:00,
19.08.2002 00:00,
26.08.2002 00:00,
01.09.2002 00:00,1.5143017386427304
02.09.2002 00:00,
09.09.2002 00:00,
16.09.2002 00:00,
23.09.2002 00:00,
30.09.2002 00:00,
01.10.2002 00:00,2.0258863252673174
07.10.2002 00:00,
14.10.2002 00:00,
21.10.2002 00:00,
28.10.2002 00:00,
01.11.2002 00:00,2.1984216459977484
04.11.2002 00:00,
11.11.2002 00:00,
18.11.2002 00:00,
25.11.2002 00:00,
01.12.2002 00:00,2.3769100169779387
02.12.2002 00:00,
09.12.2002 00:00,
16.12.2002 00:00,
23.12.2002 00:00,
30.12.2002 00:00,
01.01.2003 00:00,2.5974025974025943
06.01.2003 00:00,
13.01.2003 00:00,
20.01.2003 00:00,
27.01.2003 00:00,
01.02.2003 00:00,2.9808773903261994
03.02.2003 00:00,
10.02.2003 00:00,
17.02.2003 00:00,
24.02.2003 00:00,
01.03.2003 00:00,3.0201342281879064
03.03.2003 00:00,
10.03.2003 00:00,
17.03.2003 00:00,
24.03.2003 00:00,
31.03.2003 00:00,
01.04.2003 00:00,2.2246941045606228
07.04.2003 00:00,
14.04.2003 00:00,
21.04.2003 00:00,
28.04.2003 00:00,
01.05.2003 00:00,2.057842047
05.05.2003 00:00,
12.05.2003 00:00,
19.05.2003 00:00,
26.05.2003 00:00,
01.06.2003 00:00,2.1122846025569664
02.06.2003 00:00,
09.06.2003 00:00,
16.06.2003 00:00,
23.06.2003 00:00,
30.06.2003 00:00,
01.07.2003 00:00,2.1099389228206618
07.07.2003 00:00,
14.07.2003 00:00,
21.07.2003 00:00,
28.07.2003 00:00,
01.08.2003 00:00,2.1582733812949675
04.08.2003 00:00,
11.08.2003 00:00,
18.08.2003 00:00,
25.08.2003 00:00,
01.09.2003 00:00,2.3204419889502703
08.09.2003 00:00,
15.09.2003 00:00,
22.09.2003 00:00,
29.09.2003 00:00,
01.10.2003 00:00,2.0408163265306056
06.10.2003 00:00,
13.10.2003 00:00,
20.10.2003 00:00,
27.10.2003 00:00,
01.11.2003 00:00,1.7650303364589015
03.11.2003 00:00,
10.11.2003 00:00,
17.11.2003 00:00,
24.11.2003 00:00,
01.12.2003 00:00,1.879491431730241
08.12.2003 00:00,
15.12.2003 00:00,
22.12.2003 00:00,
29.12.2003 00:00,
01.01.2004 00:00,1.9262520638414973
05.01.2004 00:00,
12.01.2004 00:00,
19.01.2004 00:00,
26.01.2004 00:00,
01.02.2004 00:00,1.6930638995084624
02.02.2004 00:00,
09.02.2004 00:00,
16.02.2004 00:00,
23.02.2004 00:00,
01.03.2004 00:00,1.7372421281216164
08.03.2004 00:00,
15.03.2004 00:00,
22.03.2004 00:00,
29.03.2004 00:00,
01.04.2004 00:00,2.2850924918389492
05.04.2004 00:00,
12.04.2004 00:00,
19.04.2004 00:00,
26.04.2004 00:00,
01.05.2004 00:00,3.051771117166209
03.05.2004 00:00,
10.05.2004 00:00,
17.05.2004 00:00,
24.05.2004 00:00,
31.05.2004 00:00,
01.06.2004 00:00,3.266194883
07.06.2004 00:00,
14.06.2004 00:00,
21.06.2004 00:00,
28.06.2004 00:00,
01.07.2004 00:00,2.9907558455682435
05.07.2004 00:00,
12.07.2004 00:00,
19.07.2004 00:00,
26.07.2004 00:00,
01.08.2004 00:00,2.6543878656554742
02.08.2004 00:00,
09.08.2004 00:00,
16.08.2004 00:00,
23.08.2004 00:00,
30.08.2004 00:00,
01.09.2004 00:00,2.537796976
06.09.2004 00:00,
13.09.2004 00:00,
20.09.2004 00:00,
27.09.2004 00:00,
01.10.2004 00:00,3.189189189189192
04.10.2004 00:00,
11.10.2004 00:00,
18.10.2004 00:00,
25.10.2004 00:00,
01.11.2004 00:00,3.523035230352303
08.11.2004 00:00,
15.11.2004 00:00,
22.11.2004 00:00,
29.11.2004 00:00,
01.12.2004 00:00,3.2555615843733046
06.12.2004 00:00,
13.12.2004 00:00,
20.12.2004 00:00,
27.12.2004 00:00,
01.01.2005 00:00,2.9697624190064795
03.01.2005 00:00,
10.01.2005 00:00,
17.01.2005 00:00,
24.01.2005 00:00,
31.01.2005 00:00,
01.02.2005 00:00,3.0075187969924935
07.02.2005 00:00,
14.02.2005 00:00,
21.02.2005 00:00,
28.02.2005 00:00,
01.03.2005 00:00,3.148345784418359
07.03.2005 00:00,
14.03.2005 00:00,
21.03.2005 00:00,
28.03.2005 00:00,
01.04.2005 00:00,3.510638297872337
04.04.2005 00:00,
11.04.2005 00:00,
18.04.2005 00:00,
25.04.2005 00:00,
01.05.2005 00:00,2.802749867794824
02.05.2005 00:00,
09.05.2005 00:00,
16.05.2005 00:00,
23.05.2005 00:00,
30.05.2005 00:00,
01.06.2005 00:00,2.5303110173958943
06.06.2005 00:00,
13.06.2005 00:00,
20.06.2005 00:00,
27.06.2005 00:00,
01.07.2005 00:00,3.167898627243928
04.07.2005 00:00,
11.07.2005 00:00,
18.07.2005 00:00,
25.07.2005 00:00,
01.08.2005 00:00,3.641160949868077
08.08.2005 00:00,
15.08.2005 00:00,
22.08.2005 00:00,
29.08.2005 00:00,
01.09.2005 00:00,4.686677198525543
05.09.2005 00:00,
12.09.2005 00:00,
19.09.2005 00:00,
26.09.2005 00:00,
01.10.2005 00:00,4.347826086956513
03.10.2005 00:00,
10.10.2005 00:00,
17.10.2005 00:00,
24.10.2005 00:00,
31.10.2005 00:00,
01.11.2005 00:00,3.455497382
07.11.2005 00:00,
14.11.2005 00:00,
21.11.2005 00:00,
28.11.2005 00:00,
01.12.2005 00:00,3.415659485023647
05.12.2005 00:00,
12.12.2005 00:00,
19.12.2005 00:00,
26.12.2005 00:00,
01.01.2006 00:00,3.9853172522286435
02.01.2006 00:00,
09.01.2006 00:00,
16.01.2006 00:00,
23.01.2006 00:00,
30.01.2006 00:00,
01.02.2006 00:00,3.597497393117819
06.02.2006 00:00,
13.02.2006 00:00,
20.02.2006 00:00,
27.02.2006 00:00,
01.03.2006 00:00,3.362648732540093
06.03.2006 00:00,
13.03.2006 00:00,
20.03.2006 00:00,
27.03.2006 00:00,
01.04.2006 00:00,3.5457348406988727
03.04.2006 00:00,
10.04.2006 00:00,
17.04.2006 00:00,
24.04.2006 00:00,
01.05.2006 00:00,4.166666666666663
08.05.2006 00:00,
15.05.2006 00:00,
22.05.2006 00:00,
29.05.2006 00:00,
01.06.2006 00:00,4.318766066838049
05.06.2006 00:00,
12.06.2006 00:00,
19.06.2006 00:00,
26.06.2006 00:00,
01.07.2006 00:00,4.145342886386896
03.07.2006 00:00,
10.07.2006 00:00,
17.07.2006 00:00,
24.07.2006 00:00,
31.07.2006 00:00,
01.08.2006 00:00,3.818737270875763
07.08.2006 00:00,
14.08.2006 00:00,
21.08.2006 00:00,
28.08.2006 00:00,
01.09.2006 00:00,2.0623742454728338
04.09.2006 00:00,
11.09.2006 00:00,
18.09.2006 00:00,
25.09.2006 00:00,
01.10.2006 00:00,1.3052208835341481
02.10.2006 00:00,
09.10.2006 00:00,
16.10.2006 00:00,
23.10.2006 00:00,
30.10.2006 00:00,
01.11.2006 00:00,1.9736842105263188
06.11.2006 00:00,
13.11.2006 00:00,
20.11.2006 00:00,
27.11.2006 00:00,
01.12.2006 00:00,2.540650406504065
04.12.2006 00:00,
11.12.2006 00:00,
18.12.2006 00:00,
25.12.2006 00:00,
01.01.2007 00:00,2.0756429652042283
08.01.2007 00:00,
15.01.2007 00:00,
22.01.2007 00:00,
29.01.2007 00:00,
01.02.2007 00:00,2.415198792148972
05.02.2007 00:00,
12.02.2007 00:00,
19.02.2007 00:00,
26.02.2007 00:00,
01.03.2007 00:00,2.7787787787787748
05.03.2007 00:00,
12.03.2007 00:00,
19.03.2007 00:00,
26.03.2007 00:00,
01.04.2007 00:00,2.5736972704714676
02.04.2007 00:00,
09.04.2007 00:00,
16.04.2007 00:00,
23.04.2007 00:00,
30.04.2007 00:00,
01.05.2007 00:00,2.6908641975308702
07.05.2007 00:00,
14.05.2007 00:00,
21.05.2007 00:00,
28.05.2007 00:00,
01.06.2007 00:00,2.68703795
04.06.2007 00:00,
11.06.2007 00:00,
18.06.2007 00:00,
25.06.2007 00:00,
01.07.2007 00:00,2.3582309582309615
02.07.2007 00:00,
09.07.2007 00:00,
16.07.2007 00:00,
23.07.2007 00:00,
30.07.2007 00:00,
01.08.2007 00:00,1.9700833742030386
06.08.2007 00:00,
13.08.2007 00:00,
20.08.2007 00:00,
27.08.2007 00:00,
01.09.2007 00:00,2.7550517496303613
03.09.2007 00:00,
10.09.2007 00:00,
17.09.2007 00:00,
24.09.2007 00:00,
01.10.2007 00:00,3.5361744301288383
08.10.2007 00:00,
15.10.2007 00:00,
22.10.2007 00:00,
29.10.2007 00:00,
01.11.2007 00:00,4.306203473945406
05.11.2007 00:00,
12.11.2007 00:00,
19.11.2007 00:00,
26.11.2007 00:00,
01.12.2007 00:00,4.0812685827551975
03.12.2007 00:00,
10.12.2007 00:00,
17.12.2007 00:00,
24.12.2007 00:00,
31.12.2007 00:00,
01.01.2008 00:00,4.280294048
07.01.2008 00:00,
14.01.2008 00:00,
21.01.2008 00:00,
28.01.2008 00:00,
01.02.2008 00:00,4.0265554130487216
04.02.2008 00:00,
11.02.2008 00:00,
18.02.2008 00:00,
25.02.2008 00:00,
01.03.2008 00:00,3.9814562312516983
03.03.2008 00:00,
10.03.2008 00:00,
17.03.2008 00:00,
24.03.2008 00:00,
31.03.2008 00:00,
01.04.2008 00:00,3.9368897748275162
07.04.2008 00:00,
14.04.2008 00:00,
21.04.2008 00:00,
28.04.2008 00:00,
01.05.2008 00:00,4.1755430418035155
05.05.2008 00:00,
12.05.2008 00:00,
19.05.2008 00:00,
26.05.2008 00:00,
01.06.2008 00:00,5.021790047611731
02.06.2008 00:00,
09.06.2008 00:00,
16.06.2008 00:00,
23.06.2008 00:00,
30.06.2008 00:00,
01.07.2008 00:00,5.600122900253958
07.07.2008 00:00,
14.07.2008 00:00,
21.07.2008 00:00,
28.07.2008 00:00,
01.08.2008 00:00,5.3718551152623455
04.08.2008 00:00,
11.08.2008 00:00,
18.08.2008 00:00,
25.08.2008 00:00,
01.09.2008 00:00,4.936927430572199
08.09.2008 00:00,
15.09.2008 00:00,
22.09.2008 00:00,
29.09.2008 00:00,
01.10.2008 00:00,3.655186277137497
06.10.2008 00:00,
13.10.2008 00:00,
20.10.2008 00:00,
27.10.2008 00:00,
01.11.2008 00:00,1.0695746918073905
03.11.2008 00:00,
10.11.2008 00:00,
17.11.2008 00:00,
24.11.2008 00:00,
01.12.2008 00:00,0.091412901
08.12.2008 00:00,
15.12.2008 00:00,
22.12.2008 00:00,
29.12.2008 00:00,
01.01.2009 00:00,0.029846503695275806
05.01.2009 00:00,
12.01.2009 00:00,
19.01.2009 00:00,
26.01.2009 00:00,
01.02.2009 00:00,0.23619108803786615
02.02.2009 00:00,
09.02.2009 00:00,
16.02.2009 00:00,
23.02.2009 00:00,
01.03.2009 00:00,-0.383556255
02.03.2009 00:00,
09.03.2009 00:00,
16.03.2009 00:00,
23.03.2009 00:00,
30.03.2009 00:00,
01.04.2009 00:00,-0.736885715
06.04.2009 00:00,
13.04.2009 00:00,
20.04.2009 00:00,
27.04.2009 00:00,
01.05.2009 00:00,-1.281435799
04.05.2009 00:00,
11.05.2009 00:00,
18.05.2009 00:00,
25.05.2009 00:00,
01.06.2009 00:00,-1.426776044
08.06.2009 00:00,
15.06.2009 00:00,
22.06.2009 00:00,
29.06.2009 00:00,
01.07.2009 00:00,-2.097161354
06.07.2009 00:00,
13.07.2009 00:00,
20.07.2009 00:00,
27.07.2009 00:00,
01.08.2009 00:00,-1.484348612
03.08.2009 00:00,
10.08.2009 00:00,
17.08.2009 00:00,
24.08.2009 00:00,
31.08.2009 00:00,
01.09.2009 00:00,-1.286205967
07.09.2009 00:00,
14.09.2009 00:00,
21.09.2009 00:00,
28.09.2009 00:00,
01.10.2009 00:00,-0.182848277
05.10.2009 00:00,
12.10.2009 00:00,
19.10.2009 00:00,
26.10.2009 00:00,
01.11.2009 00:00,1.8382958691302818
02.11.2009 00:00,
09.11.2009 00:00,
16.11.2009 00:00,
23.11.2009 00:00,
30.11.2009 00:00,
01.12.2009 00:00,2.7213311262058353
07.12.2009 00:00,
14.12.2009 00:00,
21.12.2009 00:00,
28.12.2009 00:00,
01.01.2010 00:00,2.6257086429576217
04.01.2010 00:00,
11.01.2010 00:00,
18.01.2010 00:00,
25.01.2010 00:00,
01.02.2010 00:00,2.1433317781453685
08.02.2010 00:00,
15.02.2010 00:00,
22.02.2010 00:00,
01.03.2010 00:00,2.3139594469439455
08.03.2010 00:00,
15.03.2010 00:00,
22.03.2010 00:00,
29.03.2010 00:00,
01.04.2010 00:00,2.2364471956480854
05.04.2010 00:00,
12.04.2010 00:00,
19.04.2010 00:00,
26.04.2010 00:00,
01.05.2010 00:00,2.020986084093971
03.05.2010 00:00,
10.05.2010 00:00,
17.05.2010 00:00,
24.05.2010 00:00,
31.05.2010 00:00,
01.06.2010 00:00,1.0533489728456606
07.06.2010 00:00,
14.06.2010 00:00,
21.06.2010 00:00,
28.06.2010 00:00,
01.07.2010 00:00,1.235192778301469
05.07.2010 00:00,
12.07.2010 00:00,
19.07.2010 00:00,
26.07.2010 00:00,
01.08.2010 00:00,1.1481045618391952
02.08.2010 00:00,
09.08.2010 00:00,
16.08.2010 00:00,
23.08.2010 00:00,
30.08.2010 00:00,
01.09.2010 00:00,1.1436826581592725
06.09.2010 00:00,
13.09.2010 00:00,
20.09.2010 00:00,
27.09.2010 00:00,
01.10.2010 00:00,1.1721876055269618
04.10.2010 00:00,
11.10.2010 00:00,
18.10.2010 00:00,
25.10.2010 00:00,
01.11.2010 00:00,1.143160911570279
08.11.2010 00:00,
15.11.2010 00:00,
22.11.2010 00:00,
29.11.2010 00:00,
01.12.2010 00:00,1.4957235273143148
06.12.2010 00:00,
13.12.2010 00:00,
20.12.2010 00:00,
27.12.2010 00:00,
01.01.2011 00:00,1.631846857448763
03.01.2011 00:00,
10.01.2011 00:00,
17.01.2011 00:00,
24.01.2011 00:00,
31.01.2011 00:00,
01.02.2011 00:00,2.1075846286581603
07.02.2011 00:00,
14.02.2011 00:00,
21.02.2011 00:00,
28.02.2011 00:00,
01.03.2011 00:00,2.681603264240854
07.03.2011 00:00,
14.03.2011 00:00,
21.03.2011 00:00,
28.03.2011 00:00,
01.04.2011 00:00,3.163630859276461
04.04.2011 00:00,
11.04.2011 00:00,
18.04.2011 00:00,
25.04.2011 00:00,
01.05.2011 00:00,3.568645784634565
02.05.2011 00:00,
09.05.2011 00:00,
16.05.2011 00:00,
23.05.2011 00:00,
30.05.2011 00:00,
01.06.2011 00:00,3.5588282522423347
06.06.2011 00:00,
13.06.2011 00:00,
20.06.2011 00:00,
27.06.2011 00:00,
01.07.2011 00:00,3.628715982221081
04.07.2011 00:00,
11.07.2011 00:00,
18.07.2011 00:00,
25.07.2011 00:00,
01.08.2011 00:00,3.7712081791197805
08.08.2011 00:00,
15.08.2011 00:00,
22.08.2011 00:00,
29.08.2011 00:00,
01.09.2011 00:00,3.868356841040298
05.09.2011 00:00,
12.09.2011 00:00,
19.09.2011 00:00,
26.09.2011 00:00,
01.10.2011 00:00,3.5251999213573986
03.10.2011 00:00,
10.10.2011 00:00,
17.10.2011 00:00,
24.10.2011 00:00,
31.10.2011 00:00,
01.11.2011 00:00,3.394377590800854
07.11.2011 00:00,
14.11.2011 00:00,
21.11.2011 00:00,
28.11.2011 00:00,
01.12.2011 00:00,2.962418844871085
05.12.2011 00:00,
12.12.2011 00:00,
19.12.2011 00:00,
26.12.2011 00:00,
01.01.2012 00:00,2.9252167121508554
02.01.2012 00:00,
09.01.2012 00:00,
16.01.2012 00:00,
23.01.2012 00:00,
30.01.2012 00:00,
01.02.2012 00:00,2.871098780438217
06.02.2012 00:00,
13.02.2012 00:00,
20.02.2012 00:00,
27.02.2012 00:00,
01.03.2012 00:00,2.6513981930217807
05.03.2012 00:00,
12.03.2012 00:00,
19.03.2012 00:00,
26.03.2012 00:00,
01.04.2012 00:00,2.3027398112989435
02.04.2012 00:00,
09.04.2012 00:00,
16.04.2012 00:00,
23.04.2012 00:00,
30.04.2012 00:00,
01.05.2012 00:00,1.7042537749376003
07.05.2012 00:00,
14.05.2012 00:00,
21.05.2012 00:00,
28.05.2012 00:00,
01.06.2012 00:00,1.6639937622385057
04.06.2012 00:00,
11.06.2012 00:00,
18.06.2012 00:00,
25.06.2012 00:00,
01.07.2012 00:00,1.4084507042253593
02.07.2012 00:00,
09.07.2012 00:00,
16.07.2012 00:00,
23.07.2012 00:00,
30.07.2012 00:00,
01.08.2012 00:00,1.692378997550157
06.08.2012 00:00,
13.08.2012 00:00,
20.08.2012 00:00,
27.08.2012 00:00,
01.09.2012 00:00,1.991282080664995
03.09.2012 00:00,
10.09.2012 00:00,
17.09.2012 00:00,
24.09.2012 00:00,
01.10.2012 00:00,2.162343598871136
08.10.2012 00:00,
15.10.2012 00:00,
22.10.2012 00:00,
29.10.2012 00:00,
01.11.2012 00:00,1.764133846085848
05.11.2012 00:00,
12.11.2012 00:00,
19.11.2012 00:00,
26.11.2012 00:00,
01.12.2012 00:00,1.7410223687475639
03.12.2012 00:00,
10.12.2012 00:00,
17.12.2012 00:00,
24.12.2012 00:00,
31.12.2012 00:00,
01.01.2013 00:00,1.5948646681225638
07.01.2013 00:00,
14.01.2013 00:00,
21.01.2013 00:00,
28.01.2013 00:00,
01.02.2013 00:00,1.9779235097490526
04.02.2013 00:00,
11.02.2013 00:00,
18.02.2013 00:00,
25.02.2013 00:00,
01.03.2013 00:00,1.4738962125967778
04.03.2013 00:00,
11.03.2013 00:00,
18.03.2013 00:00,
25.03.2013 00:00,
01.04.2013 00:00,1.0630853814894485
08.04.2013 00:00,
15.04.2013 00:00,
22.04.2013 00:00,
29.04.2013 00:00,
01.05.2013 00:00,1.3619650588516832
06.05.2013 00:00,
13.05.2013 00:00,
20.05.2013 00:00,
27.05.2013 00:00,
01.06.2013 00:00,1.7544165453768907
03.06.2013 00:00,
10.06.2013 00:00,
17.06.2013 00:00,
24.06.2013 00:00,
01.07.2013 00:00,1.9606816118443984
08.07.2013 00:00,
15.07.2013 00:00,
22.07.2013 00:00,
29.07.2013 00:00,
01.08.2013 00:00,1.5183675595431958
05.08.2013 00:00,
12.08.2013 00:00,
19.08.2013 00:00,
26.08.2013 00:00,
01.09.2013 00:00,1.1849252615521526
02.09.2013 00:00,
09.09.2013 00:00,
16.09.2013 00:00,
23.09.2013 00:00,
30.09.2013 00:00,
01.10.2013 00:00,0.9636127046434049
07.10.2013 00:00,
14.10.2013 00:00,
21.10.2013 00:00,
28.10.2013 00:00,
01.11.2013 00:00,1.2370722045338978
04.11.2013 00:00,
11.11.2013 00:00,
18.11.2013 00:00,
25.11.2013 00:00,
01.12.2013 00:00,1.5017356196183849
02.12.2013 00:00,
09.12.2013 00:00,
16.12.2013 00:00,
23.12.2013 00:00,
30.12.2013 00:00,
01.01.2014 00:00,1.5789473684210507
06.01.2014 00:00,
13.01.2014 00:00,
20.01.2014 00:00,
27.01.2014 00:00,
01.02.2014 00:00,1.1263492501055319
03.02.2014 00:00,
10.02.2014 00:00,
17.02.2014 00:00,
24.02.2014 00:00,
01.03.2014 00:00,1.5122028757630868
03.03.2014 00:00,
10.03.2014 00:00,
17.03.2014 00:00,
24.03.2014 00:00,
31.03.2014 00:00,
01.04.2014 00:00,1.9528578985167557
07.04.2014 00:00,
14.04.2014 00:00,
21.04.2014 00:00,
28.04.2014 00:00,
01.05.2014 00:00,2.1271115499366857
05.05.2014 00:00,
12.05.2014 00:00,
19.05.2014 00:00,
26.05.2014 00:00,
01.06.2014 00:00,2.0723413731670544
02.06.2014 00:00,
09.06.2014 00:00,
16.06.2014 00:00,
23.06.2014 00:00,
30.06.2014 00:00,
01.07.2014 00:00,1.9923286357643093
07.07.2014 00:00,
14.07.2014 00:00,
21.07.2014 00:00,
28.07.2014 00:00,
01.08.2014 00:00,1.6996113341628267
04.08.2014 00:00,
11.08.2014 00:00,
18.08.2014 00:00,
25.08.2014 00:00,
01.09.2014 00:00,1.6579186757150384
08.09.2014 00:00,
15.09.2014 00:00,
22.09.2014 00:00,
29.09.2014 00:00,
01.10.2014 00:00,1.6643402156320386
06.10.2014 00:00,
13.10.2014 00:00,
20.10.2014 00:00,
27.10.2014 00:00,
01.11.2014 00:00,1.3223551823708954
03.11.2014 00:00,
10.11.2014 00:00,
17.11.2014 00:00,
24.11.2014 00:00,
01.12.2014 00:00,0.7564932696557398
08.12.2014 00:00,
15.12.2014 00:00,
22.12.2014 00:00,
29.12.2014 00:00,
01.01.2015 00:00,-0.089348313
05.01.2015 00:00,
12.01.2015 00:00,
19.01.2015 00:00,
26.01.2015 00:00,
01.02.2015 00:00,-0.025129802
02.02.2015 00:00,
09.02.2015 00:00,
16.02.2015 00:00,
23.02.2015 00:00,
01.03.2015 00:00,-0.073637391
02.03.2015 00:00,
09.03.2015 00:00,
16.03.2015 00:00,
23.03.2015 00:00,
30.03.2015 00:00,
01.04.2015 00:00,-0.199517446
06.04.2015 00:00,
13.04.2015 00:00,
20.04.2015 00:00,
27.04.2015 00:00,
01.05.2015 00:00,-0.039932745
04.05.2015 00:00,
11.05.2015 00:00,
18.05.2015 00:00,
25.05.2015 00:00,
01.06.2015 00:00,0.12377120368545161
08.06.2015 00:00,
15.06.2015 00:00,
22.06.2015 00:00,
29.06.2015 00:00,
01.07.2015 00:00,0.16956977964323036
06.07.2015 00:00,
13.07.2015 00:00,
20.07.2015 00:00,
27.07.2015 00:00,
01.08.2015 00:00,0.1950792930057341
03.08.2015 00:00,
10.08.2015 00:00,
17.08.2015 00:00,
24.08.2015 00:00,
31.08.2015 00:00,
01.09.2015 00:00,-0.036129748
07.09.2015 00:00,
14.09.2015 00:00,
21.09.2015 00:00,
28.09.2015 00:00,
01.10.2015 00:00,0.17057443573555536
05.10.2015 00:00,
12.10.2015 00:00,
19.10.2015 00:00,
26.10.2015 00:00,
01.11.2015 00:00,0.5017975786678871
02.11.2015 00:00,
09.11.2015 00:00,
16.11.2015 00:00,
23.11.2015 00:00,
30.11.2015 00:00,
01.12.2015 00:00,0.7295197860415966
07.12.2015 00:00,
14.12.2015 00:00,
21.12.2015 00:00,
28.12.2015 00:00,
01.01.2016 00:00,1.3730868138309948
04.01.2016 00:00,
11.01.2016 00:00,
18.01.2016 00:00,
25.01.2016 00:00,
01.02.2016 00:00,1.0177997801654646
08.02.2016 00:00,
15.02.2016 00:00,
22.02.2016 00:00,
29.02.2016 00:00,
01.03.2016 00:00,0.8525362211427311
07.03.2016 00:00,
14.03.2016 00:00,
21.03.2016 00:00,
28.03.2016 00:00,
01.04.2016 00:00,1.125110418894419
04.04.2016 00:00,
11.04.2016 00:00,
18.04.2016 00:00,
25.04.2016 00:00,
01.05.2016 00:00,1.0193225541935647
02.05.2016 00:00,
09.05.2016 00:00,
16.05.2016 00:00,
23.05.2016 00:00,
30.05.2016 00:00,
01.06.2016 00:00,0.9973264945230832
06.06.2016 00:00,
13.06.2016 00:00,
20.06.2016 00:00,
27.06.2016 00:00,
01.07.2016 00:00,0.8271388704987093
04.07.2016 00:00,
11.07.2016 00:00,
18.07.2016 00:00,
25.07.2016 00:00,
01.08.2016 00:00,1.0628745027610345
08.08.2016 00:00,
15.08.2016 00:00,
22.08.2016 00:00,
29.08.2016 00:00,
01.09.2016 00:00,1.4637836474815626
05.09.2016 00:00,
12.09.2016 00:00,
19.09.2016 00:00,
26.09.2016 00:00,
01.10.2016 00:00,1.6359875209176076
03.10.2016 00:00,
10.10.2016 00:00,
17.10.2016 00:00,
24.10.2016 00:00,
31.10.2016 00:00,
01.11.2016 00:00,1.6925371625037902
07.11.2016 00:00,
14.11.2016 00:00,
21.11.2016 00:00,
28.11.2016 00:00,
01.12.2016 00:00,2.0746221329669092
05.12.2016 00:00,
12.12.2016 00:00,
19.12.2016 00:00,
26.12.2016 00:00,
01.01.2017 00:00,2.5000422090529986
02.01.2017 00:00,
09.01.2017 00:00,
16.01.2017 00:00,
23.01.2017 00:00,
30.01.2017 00:00,
01.02.2017 00:00,2.737958171
06.02.2017 00:00,
13.02.2017 00:00,
20.02.2017 00:00,
27.02.2017 00:00,
01.03.2017 00:00,2.3806124334402696
06.03.2017 00:00,
13.03.2017 00:00,
20.03.2017 00:00,
27.03.2017 00:00,
01.04.2017 00:00,2.199689878417295
03.04.2017 00:00,
10.04.2017 00:00,
17.04.2017 00:00,
24.04.2017 00:00,
01.05.2017 00:00,1.874877721
08.05.2017 00:00,
15.05.2017 00:00,
22.05.2017 00:00,
29.05.2017 00:00,
01.06.2017 00:00,1.6334879552564587
05.06.2017 00:00,
12.06.2017 00:00,
19.06.2017 00:00,
26.06.2017 00:00,
01.07.2017 00:00,1.7279784563724987
03.07.2017 00:00,
10.07.2017 00:00,
17.07.2017 00:00,
24.07.2017 00:00,
31.07.2017 00:00,
01.08.2017 00:00,1.938974212058184
07.08.2017 00:00,
14.08.2017 00:00,
21.08.2017 00:00,
28.08.2017 00:00,
01.09.2017 00:00,2.232963865003227
04.09.2017 00:00,
11.09.2017 00:00,
18.09.2017 00:00,
25.09.2017 00:00,
01.10.2017 00:00,2.041128701976179
02.10.2017 00:00,
09.10.2017 00:00,
16.10.2017 00:00,
23.10.2017 00:00,
30.10.2017 00:00,
01.11.2017 00:00,2.2025829386831743
06.11.2017 00:00,
13.11.2017 00:00,
20.11.2017 00:00,
27.11.2017 00:00,
01.12.2017 00:00,2.1090824745684142
04.12.2017 00:00,
11.12.2017 00:00,
18.12.2017 00:00,
25.12.2017 00:00,
01.01.2018 00:00,2.0705076202751584
08.01.2018 00:00,
15.01.2018 00:00,
22.01.2018 00:00,
29.01.2018 00:00,
01.02.2018 00:00,2.211795421238657
05.02.2018 00:00,
12.02.2018 00:00,
19.02.2018 00:00,
26.02.2018 00:00,
01.03.2018 00:00,2.3597114039729186
05.03.2018 00:00,
12.03.2018 00:00,
19.03.2018 00:00,
26.03.2018 00:00,
01.04.2018 00:00,2.462743943334802
02.04.2018 00:00,
09.04.2018 00:00,
16.04.2018 00:00,
23.04.2018 00:00,
30.04.2018 00:00,
01.05.2018 00:00,2.8010117148075615
07.05.2018 00:00,
14.05.2018 00:00,
21.05.2018 00:00,
28.05.2018 00:00,
01.06.2018 00:00,2.8715478353166874
04.06.2018 00:00,
11.06.2018 00:00,
18.06.2018 00:00,
25.06.2018 00:00,
01.07.2018 00:00,2.949515086647112
02.07.2018 00:00,
09.07.2018 00:00,
16.07.2018 00:00,
23.07.2018 00:00,
30.07.2018 00:00,
01.08.2018 00:00,2.699180104187448
06.08.2018 00:00,
13.08.2018 00:00,
20.08.2018 00:00,
27.08.2018 00:00,
01.09.2018 00:00,2.276972194
03.09.2018 00:00,
10.09.2018 00:00,
17.09.2018 00:00,
24.09.2018 00:00,
01.10.2018 00:00,2.5224699286070384
08.10.2018 00:00,
15.10.2018 00:00,
22.10.2018 00:00,
29.10.2018 00:00,
01.11.2018 00:00,2.1766010321523983
05.11.2018 00:00,
12.11.2018 00:00,
19.11.2018 00:00,
26.11.2018 00:00,
01.12.2018 00:00,1.9101588486313719
03.12.2018 00:00,
10.12.2018 00:00,
17.12.2018 00:00,
24.12.2018 00:00,
31.12.2018 00:00,
01.01.2019 00:00,1.5512351381991145
07.01.2019 00:00,
14.01.2019 00:00,
21.01.2019 00:00,
28.01.2019 00:00,
01.02.2019 00:00,1.5201352659333054
04.02.2019 00:00,
11.02.2019 00:00,
18.02.2019 00:00,
25.02.2019 00:00,
01.03.2019 00:00,1.8625227405691738
04.03.2019 00:00,
11.03.2019 00:00,
18.03.2019 00:00,
25.03.2019 00:00,
01.04.2019 00:00,1.9964397755302459
08.04.2019 00:00,
15.04.2019 00:00,
22.04.2019 00:00,
29.04.2019 00:00,
01.05.2019 00:00,1.7902284687663923
06.05.2019 00:00,
13.05.2019 00:00,
20.05.2019 00:00,
27.05.2019 00:00,
01.06.2019 00:00,1.6484846560762445
03.06.2019 00:00,
10.06.2019 00:00,
17.06.2019 00:00,
24.06.2019 00:00,
01.07.2019 00:00,1.811464806393509
08.07.2019 00:00,
15.07.2019 00:00,
22.07.2019 00:00,
29.07.2019 00:00,
01.08.2019 00:00,1.7497798894291428
05.08.2019 00:00,
12.08.2019 00:00,
19.08.2019 00:00,
26.08.2019 00:00,
01.09.2019 00:00,1.7113045131695266
02.09.2019 00:00,
09.09.2019 00:00,
16.09.2019 00:00,
23.09.2019 00:00,
30.09.2019 00:00,
01.10.2019 00:00,1.7640429444213825
07.10.2019 00:00,
14.10.2019 00:00,
21.10.2019 00:00,
28.10.2019 00:00,
01.11.2019 00:00,2.0512779818916256
04.11.2019 00:00,
11.11.2019 00:00,
18.11.2019 00:00,
25.11.2019 00:00,
01.12.2019 00:00,2.285129740121714
02.12.2019 00:00,
09.12.2019 00:00,
16.12.2019 00:00,
23.12.2019 00:00,
30.12.2019 00:00,
01.01.2020 00:00,2.486571955250451
06.01.2020 00:00,
13.01.2020 00:00,
20.01.2020 00:00,
27.01.2020 00:00,
01.02.2020 00:00,2.3348735639459393
03.02.2020 00:00,
10.02.2020 00:00,
17.02.2020 00:00,
24.02.2020 00:00,
01.03.2020 00:00,1.539326991919816
02.03.2020 00:00,
09.03.2020 00:00,
16.03.2020 00:00,
23.03.2020 00:00,
30.03.2020 00:00,
01.04.2020 00:00,0.3290966863368166
06.04.2020 00:00,
13.04.2020 00:00,
20.04.2020 00:00,
27.04.2020 00:00,
01.05.2020 00:00,0.1179263702107137
04.05.2020 00:00,
11.05.2020 00:00,
18.05.2020 00:00,
25.05.2020 00:00,
01.06.2020 00:00,0.6457330475554879
08.06.2020 00:00,
15.06.2020 00:00,
22.06.2020 00:00,
29.06.2020 00:00,
01.07.2020 00:00,0.9860818253037064
06.07.2020 00:00,
13.07.2020 00:00,
20.07.2020 00:00,
27.07.2020 00:00,
01.08.2020 00:00,1.3096453823307064
03.08.2020 00:00,
10.08.2020 00:00,
17.08.2020 00:00,
24.08.2020 00:00,
31.08.2020 00:00,
01.09.2020 00:00,1.3713248610564606
07.09.2020 00:00,
14.09.2020 00:00,
21.09.2020 00:00,
28.09.2020 00:00,
01.10.2020 00:00,1.1820661677274849
05.10.2020 00:00,
12.10.2020 00:00,
19.10.2020 00:00,
26.10.2020 00:00,
01.11.2020 00:00,1.1745357842679691
02.11.2020 00:00,
09.11.2020 00:00,
16.11.2020 00:00,
23.11.2020 00:00,
30.11.2020 00:00,
01.12.2020 00:00,1.362005495
07.12.2020 00:00,
14.12.2020 00:00,
21.12.2020 00:00,
28.12.2020 00:00,
01.01.2021 00:00,1.3997697415600938
04.01.2021 00:00,
11.01.2021 00:00,
18.01.2021 00:00,
25.01.2021 00:00,
01.02.2021 00:00,1.6762152173745013
08.02.2021 00:00,
15.02.2021 00:00,
22.02.2021 00:00,
01.03.2021 00:00,2.619762508959185
08.03.2021 00:00,
15.03.2021 00:00,
22.03.2021 00:00,
29.03.2021 00:00,
01.04.2021 00:00,4.159694838702114
05.04.2021 00:00,
12.04.2021 00:00,
19.04.2021 00:00,
26.04.2021 00:00,
01.05.2021 00:00,4.992706537594479
03.05.2021 00:00,
10.05.2021 00:00,
17.05.2021 00:00,
24.05.2021 00:00,
31.05.2021 00:00,
01.06.2021 00:00,5.391451413321334
07.06.2021 00:00,
14.06.2021 00:00,
21.06.2021 00:00,
28.06.2021 00:00,
01.07.2021 00:00,5.365475239385408
05.07.2021 00:00,
12.07.2021 00:00,
19.07.2021 00:00,
26.07.2021 00:00,
01.08.2021 00:00,5.251271554874999
02.08.2021 00:00,
09.08.2021 00:00,
16.08.2021 00:00,
23.08.2021 00:00,
30.08.2021 00:00,
01.09.2021 00:00,5.390348855079157
06.09.2021 00:00,
13.09.2021 00:00,
20.09.2021 00:00,
27.09.2021 00:00,
01.10.2021 00:00,6.221868903328887
04.10.2021 00:00,
11.10.2021 00:00,
18.10.2021 00:00,
25.10.2021 00:00,
01.11.2021 00:00,6.8090028398064755
08.11.2021 00:00,
15.11.2021 00:00,
22.11.2021 00:00,
29.11.2021 00:00,
01.12.2021 00:00,7.036402865545134
06.12.2021 00:00,
13.12.2021 00:00,
20.12.2021 00:00,
27.12.2021 00:00,
01.01.2022 00:00,7.4798724682891145
03.01.2022 00:00,
10.01.2022 00:00,
17.01.2022 00:00,
24.01.2022 00:00,
31.01.2022 00:00,
01.02.2022 00:00,7.871063897739283
07.02.2022 00:00,
14.02.2022 00:00,
21.02.2022 00:00,
28.02.2022 00:00,
01.03.2022 00:00,8.542455555
07.03.2022 00:00,
14.03.2022 00:00,
21.03.2022 00:00,
28.03.2022 00:00,
01.04.2022 00:00,8.258629340882372
04.04.2022 00:00,
11.04.2022 00:00,
18.04.2022 00:00,
25.04.2022 00:00,
01.05.2022 00:00,8.581511543676516
02.05.2022 00:00,
09.05.2022 00:00,
16.05.2022 00:00,
23.05.2022 00:00,
30.05.2022 00:00,
01.06.2022 00:00,9.059757965
06.06.2022 00:00,
13.06.2022 00:00,
20.06.2022 00:00,
27.06.2022 00:00,
01.07.2022 00:00,8.524814745625516
04.07.2022 00:00,
11.07.2022 00:00,
18.07.2022 00:00,
25.07.2022 00:00,
01.08.2022 00:00,8.262692503116233
08.08.2022 00:00,
15.08.2022 00:00,
22.08.2022 00:00,
29.08.2022 00:00,
01.09.2022 00:00,8.201669643833617
05.09.2022 00:00,
12.09.2022 00:00,
19.09.2022 00:00,
26.09.2022 00:00,
01.10.2022 00:00,7.7454273308049135
03.10.2022 00:00,
10.10.2022 00:00,
17.10.2022 00:00,
24.10.2022 00:00,
31.10.2022 00:00,
01.11.2022 00:00,7.110322794191731
07.11.2022 00:00,
14.11.2022 00:00,
21.11.2022 00:00,
28.11.2022 00:00,
01.12.2022 00:00,6.454401331410824
05.12.2022 00:00,
12.12.2022 00:00,
19.12.2022 00:00,
26.12.2022 00:00,
01.01.2023 00:00,6.410146968856258
02.01.2023 00:00,
09.01.2023 00:00,
16.01.2023 00:00,
23.01.2023 00:00,
30.01.2023 00:00,
01.02.2023 00:00,6.035613077866587
06.02.2023 00:00,
13.02.2023 00:00,
20.02.2023 00:00,
27.02.2023 00:00,
01.03.2023 00:00,4.984974122099168
06.03.2023 00:00,
13.03.2023 00:00,
20.03.2023 00:00,
27.03.2023 00:00,
01.04.2023 00:00,4.930320398188925
03.04.2023 00:00,
10.04.2023 00:00,
17.04.2023 00:00,
24.04.2023 00:00,
01.05.2023 00:00,4.047609273
08.05.2023 00:00,
15.05.2023 00:00,
22.05.2023 00:00,
29.05.2023 00:00,
01.06.2023 00:00,2.9691776545588935
05.06.2023 00:00,
12.06.2023 00:00,
19.06.2023 00:00,
26.06.2023 00:00,
01.07.2023 00:00,3.1777801779421764
03.07.2023 00:00,
10.07.2023 00:00,
17.07.2023 00:00,
24.07.2023 00:00,
31.07.2023 00:00,
01.08.2023 00:00,3.665112384399559
07.08.2023 00:00,
14.08.2023 00:00,
21.08.2023 00:00,
28.08.2023 00:00,
01.09.2023 00:00,3.6996981213444364
04.09.2023 00:00,
11.09.2023 00:00,
18.09.2023 00:00,
25.09.2023 00:00,
01.10.2023 00:00,3.2411446518932094
02.10.2023 00:00,
09.10.2023 00:00,
16.10.2023 00:00,
23.10.2023 00:00,
30.10.2023 00:00,
01.11.2023 00:00,3.1372707088417875
06.11.2023 00:00,
13.11.2023 00:00,
20.11.2023 00:00,
27.11.2023 00:00,
01.12.2023 00:00,3.3521228314302216
04.12.2023 00:00,
11.12.2023 00:00,
18.12.2023 00:00,
25.12.2023 00:00,
01.01.2024 00:00,3.0908847812280498
08.01.2024 00:00,
15.01.2024 00:00,
22.01.2024 00:00,
29.01.2024 00:00,
01.02.2024 00:00,3.153171120861603
05.02.2024 00:00,
12.02.2024 00:00,
19.02.2024 00:00,
26.02.2024 00:00,
01.03.2024 00:00,3.4773850700380278
04.03.2024 00:00,
11.03.2024 00:00,
18.03.2024 00:00,
25.03.2024 00:00,
01.04.2024 00:00,3.3573639501191646
08.04.2024 00:00,
15.04.2024 00:00,
22.04.2024 00:00,
29.04.2024 00:00,
01.05.2024 00:00,3.2690290569400307
06.05.2024 00:00,
13.05.2024 00:00,
20.05.2024 00:00,
27.05.2024 00:00,
01.06.2024 00:00,2.971397107263316
03.06.2024 00:00,
10.06.2024 00:00,
17.06.2024 00:00,
24.06.2024 00:00,
01.07.2024 00:00,2.8947531984913026
08.07.2024 00:00,
15.07.2024 00:00,
22.07.2024 00:00,
29.07.2024 00:00,
01.08.2024 00:00,2.5307302964569716
05.08.2024 00:00,
12.08.2024 00:00,
19.08.2024 00:00,
26.08.2024 00:00,
01.09.2024 00:00,2.4406330310699866
02.09.2024 00:00,
09.09.2024 00:00,
16.09.2024 00:00,
23.09.2024 00:00,
30.09.2024 00:00,